{
  "$schema": "https://raw.githubusercontent.com/spdx/spdx-spec/v2.2.1/schemas/spdx-schema.json",
  "spdxVersion": "SPDX-2.2",
  "dataLicense": "CC0-1.0",
  "SPDXID": "SPDXRef-DOCUMENT",
  "documentNamespace": "https://spdx.org/spdxdocs/boost-iostreams-x64-windows-1.88.0-0a67f74a-a4d8-4491-996a-eb7c66b6153d",
  "name": "boost-iostreams:x64-windows@1.88.0 e4a4e0301dffe1947cdd9a1c499fcf3cb98f0c00506718e088320116f06bc07a",
  "creationInfo": {
    "creators": [
      "Tool: vcpkg-2025-09-03-4580816534ed8fd9634ac83d46471440edd82dfe"
    ],
    "created": "2025-11-04T21:51:24Z"
  },
  "relationships": [
    {
      "spdxElementId": "SPDXRef-port",
      "relationshipType": "GENERATES",
      "relatedSpdxElement": "SPDXRef-binary"
    },
    {
      "spdxElementId": "SPDXRef-port",
      "relationshipType": "CONTAINS",
      "relatedSpdxElement": "SPDXRef-port-file-0"
    },
    {
      "spdxElementId": "SPDXRef-port",
      "relationshipType": "CONTAINS",
      "relatedSpdxElement": "SPDXRef-port-file-1"
    },
    {
      "spdxElementId": "SPDXRef-port",
      "relationshipType": "CONTAINS",
      "relatedSpdxElement": "SPDXRef-port-file-2"
    },
    {
      "spdxElementId": "SPDXRef-port-file-2",
      "relationshipType": "DEPENDENCY_MANIFEST_OF",
      "relatedSpdxElement": "SPDXRef-port"
    },
    {
      "spdxElementId": "SPDXRef-binary",
      "relationshipType": "CONTAINS",
      "relatedSpdxElement": "SPDXRef-binary-file-0"
    },
    {
      "spdxElementId": "SPDXRef-binary",
      "relationshipType": "CONTAINS",
      "relatedSpdxElement": "SPDXRef-binary-file-1"
    },
    {
      "spdxElementId": "SPDXRef-binary",
      "relationshipType": "CONTAINS",
      "relatedSpdxElement": "SPDXRef-binary-file-2"
    },
    {
      "spdxElementId": "SPDXRef-binary",
      "relationshipType": "CONTAINS",
      "relatedSpdxElement": "SPDXRef-binary-file-3"
    },
    {
      "spdxElementId": "SPDXRef-binary",
      "relationshipType": "CONTAINS",
      "relatedSpdxElement": "SPDXRef-binary-file-4"
    },
    {
      "spdxElementId": "SPDXRef-binary",
      "relationshipType": "CONTAINS",
      "relatedSpdxElement": "SPDXRef-binary-file-5"
    },
    {
      "spdxElementId": "SPDXRef-binary",
      "relationshipType": "CONTAINS",
      "relatedSpdxElement": "SPDXRef-binary-file-6"
    },
    {
      "spdxElementId": "SPDXRef-binary",
      "relationshipType": "CONTAINS",
      "relatedSpdxElement": "SPDXRef-binary-file-7"
    },
    {
      "spdxElementId": "SPDXRef-binary",
      "relationshipType": "CONTAINS",
      "relatedSpdxElement": "SPDXRef-binary-file-8"
    },
    {
      "spdxElementId": "SPDXRef-binary",
      "relationshipType": "CONTAINS",
      "relatedSpdxElement": "SPDXRef-binary-file-9"
    },
    {
      "spdxElementId": "SPDXRef-binary",
      "relationshipType": "CONTAINS",
      "relatedSpdxElement": "SPDXRef-binary-file-10"
    },
    {
      "spdxElementId": "SPDXRef-binary",
      "relationshipType": "CONTAINS",
      "relatedSpdxElement": "SPDXRef-binary-file-11"
    },
    {
      "spdxElementId": "SPDXRef-binary",
      "relationshipType": "CONTAINS",
      "relatedSpdxElement": "SPDXRef-binary-file-12"
    },
    {
      "spdxElementId": "SPDXRef-binary",
      "relationshipType": "CONTAINS",
      "relatedSpdxElement": "SPDXRef-binary-file-13"
    },
    {
      "spdxElementId": "SPDXRef-binary",
      "relationshipType": "CONTAINS",
      "relatedSpdxElement": "SPDXRef-binary-file-14"
    },
    {
      "spdxElementId": "SPDXRef-binary",
      "relationshipType": "CONTAINS",
      "relatedSpdxElement": "SPDXRef-binary-file-15"
    },
    {
      "spdxElementId": "SPDXRef-binary",
      "relationshipType": "CONTAINS",
      "relatedSpdxElement": "SPDXRef-binary-file-16"
    },
    {
      "spdxElementId": "SPDXRef-binary",
      "relationshipType": "CONTAINS",
      "relatedSpdxElement": "SPDXRef-binary-file-17"
    },
    {
      "spdxElementId": "SPDXRef-binary",
      "relationshipType": "CONTAINS",
      "relatedSpdxElement": "SPDXRef-binary-file-18"
    },
    {
      "spdxElementId": "SPDXRef-binary",
      "relationshipType": "CONTAINS",
      "relatedSpdxElement": "SPDXRef-binary-file-19"
    },
    {
      "spdxElementId": "SPDXRef-binary",
      "relationshipType": "CONTAINS",
      "relatedSpdxElement": "SPDXRef-binary-file-20"
    },
    {
      "spdxElementId": "SPDXRef-binary",
      "relationshipType": "CONTAINS",
      "relatedSpdxElement": "SPDXRef-binary-file-21"
    },
    {
      "spdxElementId": "SPDXRef-binary",
      "relationshipType": "CONTAINS",
      "relatedSpdxElement": "SPDXRef-binary-file-22"
    },
    {
      "spdxElementId": "SPDXRef-binary",
      "relationshipType": "CONTAINS",
      "relatedSpdxElement": "SPDXRef-binary-file-23"
    },
    {
      "spdxElementId": "SPDXRef-binary",
      "relationshipType": "CONTAINS",
      "relatedSpdxElement": "SPDXRef-binary-file-24"
    },
    {
      "spdxElementId": "SPDXRef-binary",
      "relationshipType": "CONTAINS",
      "relatedSpdxElement": "SPDXRef-binary-file-25"
    },
    {
      "spdxElementId": "SPDXRef-binary",
      "relationshipType": "CONTAINS",
      "relatedSpdxElement": "SPDXRef-binary-file-26"
    },
    {
      "spdxElementId": "SPDXRef-binary",
      "relationshipType": "CONTAINS",
      "relatedSpdxElement": "SPDXRef-binary-file-27"
    },
    {
      "spdxElementId": "SPDXRef-binary",
      "relationshipType": "CONTAINS",
      "relatedSpdxElement": "SPDXRef-binary-file-28"
    },
    {
      "spdxElementId": "SPDXRef-binary",
      "relationshipType": "CONTAINS",
      "relatedSpdxElement": "SPDXRef-binary-file-29"
    },
    {
      "spdxElementId": "SPDXRef-binary",
      "relationshipType": "CONTAINS",
      "relatedSpdxElement": "SPDXRef-binary-file-30"
    },
    {
      "spdxElementId": "SPDXRef-binary",
      "relationshipType": "CONTAINS",
      "relatedSpdxElement": "SPDXRef-binary-file-31"
    },
    {
      "spdxElementId": "SPDXRef-binary",
      "relationshipType": "CONTAINS",
      "relatedSpdxElement": "SPDXRef-binary-file-32"
    },
    {
      "spdxElementId": "SPDXRef-binary",
      "relationshipType": "CONTAINS",
      "relatedSpdxElement": "SPDXRef-binary-file-33"
    },
    {
      "spdxElementId": "SPDXRef-binary",
      "relationshipType": "CONTAINS",
      "relatedSpdxElement": "SPDXRef-binary-file-34"
    },
    {
      "spdxElementId": "SPDXRef-binary",
      "relationshipType": "CONTAINS",
      "relatedSpdxElement": "SPDXRef-binary-file-35"
    },
    {
      "spdxElementId": "SPDXRef-binary",
      "relationshipType": "CONTAINS",
      "relatedSpdxElement": "SPDXRef-binary-file-36"
    },
    {
      "spdxElementId": "SPDXRef-binary",
      "relationshipType": "CONTAINS",
      "relatedSpdxElement": "SPDXRef-binary-file-37"
    },
    {
      "spdxElementId": "SPDXRef-binary",
      "relationshipType": "CONTAINS",
      "relatedSpdxElement": "SPDXRef-binary-file-38"
    },
    {
      "spdxElementId": "SPDXRef-binary",
      "relationshipType": "CONTAINS",
      "relatedSpdxElement": "SPDXRef-binary-file-39"
    },
    {
      "spdxElementId": "SPDXRef-binary",
      "relationshipType": "CONTAINS",
      "relatedSpdxElement": "SPDXRef-binary-file-40"
    },
    {
      "spdxElementId": "SPDXRef-binary",
      "relationshipType": "CONTAINS",
      "relatedSpdxElement": "SPDXRef-binary-file-41"
    },
    {
      "spdxElementId": "SPDXRef-binary",
      "relationshipType": "CONTAINS",
      "relatedSpdxElement": "SPDXRef-binary-file-42"
    },
    {
      "spdxElementId": "SPDXRef-binary",
      "relationshipType": "CONTAINS",
      "relatedSpdxElement": "SPDXRef-binary-file-43"
    },
    {
      "spdxElementId": "SPDXRef-binary",
      "relationshipType": "CONTAINS",
      "relatedSpdxElement": "SPDXRef-binary-file-44"
    },
    {
      "spdxElementId": "SPDXRef-binary",
      "relationshipType": "CONTAINS",
      "relatedSpdxElement": "SPDXRef-binary-file-45"
    },
    {
      "spdxElementId": "SPDXRef-binary",
      "relationshipType": "CONTAINS",
      "relatedSpdxElement": "SPDXRef-binary-file-46"
    },
    {
      "spdxElementId": "SPDXRef-binary",
      "relationshipType": "CONTAINS",
      "relatedSpdxElement": "SPDXRef-binary-file-47"
    },
    {
      "spdxElementId": "SPDXRef-binary",
      "relationshipType": "CONTAINS",
      "relatedSpdxElement": "SPDXRef-binary-file-48"
    },
    {
      "spdxElementId": "SPDXRef-binary",
      "relationshipType": "CONTAINS",
      "relatedSpdxElement": "SPDXRef-binary-file-49"
    },
    {
      "spdxElementId": "SPDXRef-binary",
      "relationshipType": "CONTAINS",
      "relatedSpdxElement": "SPDXRef-binary-file-50"
    },
    {
      "spdxElementId": "SPDXRef-binary",
      "relationshipType": "CONTAINS",
      "relatedSpdxElement": "SPDXRef-binary-file-51"
    },
    {
      "spdxElementId": "SPDXRef-binary",
      "relationshipType": "CONTAINS",
      "relatedSpdxElement": "SPDXRef-binary-file-52"
    },
    {
      "spdxElementId": "SPDXRef-binary",
      "relationshipType": "CONTAINS",
      "relatedSpdxElement": "SPDXRef-binary-file-53"
    },
    {
      "spdxElementId": "SPDXRef-binary",
      "relationshipType": "CONTAINS",
      "relatedSpdxElement": "SPDXRef-binary-file-54"
    },
    {
      "spdxElementId": "SPDXRef-binary",
      "relationshipType": "CONTAINS",
      "relatedSpdxElement": "SPDXRef-binary-file-55"
    },
    {
      "spdxElementId": "SPDXRef-binary",
      "relationshipType": "CONTAINS",
      "relatedSpdxElement": "SPDXRef-binary-file-56"
    },
    {
      "spdxElementId": "SPDXRef-binary",
      "relationshipType": "CONTAINS",
      "relatedSpdxElement": "SPDXRef-binary-file-57"
    },
    {
      "spdxElementId": "SPDXRef-binary",
      "relationshipType": "CONTAINS",
      "relatedSpdxElement": "SPDXRef-binary-file-58"
    },
    {
      "spdxElementId": "SPDXRef-binary",
      "relationshipType": "CONTAINS",
      "relatedSpdxElement": "SPDXRef-binary-file-59"
    },
    {
      "spdxElementId": "SPDXRef-binary",
      "relationshipType": "CONTAINS",
      "relatedSpdxElement": "SPDXRef-binary-file-60"
    },
    {
      "spdxElementId": "SPDXRef-binary",
      "relationshipType": "CONTAINS",
      "relatedSpdxElement": "SPDXRef-binary-file-61"
    },
    {
      "spdxElementId": "SPDXRef-binary",
      "relationshipType": "CONTAINS",
      "relatedSpdxElement": "SPDXRef-binary-file-62"
    },
    {
      "spdxElementId": "SPDXRef-binary",
      "relationshipType": "CONTAINS",
      "relatedSpdxElement": "SPDXRef-binary-file-63"
    },
    {
      "spdxElementId": "SPDXRef-binary",
      "relationshipType": "CONTAINS",
      "relatedSpdxElement": "SPDXRef-binary-file-64"
    },
    {
      "spdxElementId": "SPDXRef-binary",
      "relationshipType": "CONTAINS",
      "relatedSpdxElement": "SPDXRef-binary-file-65"
    },
    {
      "spdxElementId": "SPDXRef-binary",
      "relationshipType": "CONTAINS",
      "relatedSpdxElement": "SPDXRef-binary-file-66"
    },
    {
      "spdxElementId": "SPDXRef-binary",
      "relationshipType": "CONTAINS",
      "relatedSpdxElement": "SPDXRef-binary-file-67"
    },
    {
      "spdxElementId": "SPDXRef-binary",
      "relationshipType": "CONTAINS",
      "relatedSpdxElement": "SPDXRef-binary-file-68"
    },
    {
      "spdxElementId": "SPDXRef-binary",
      "relationshipType": "CONTAINS",
      "relatedSpdxElement": "SPDXRef-binary-file-69"
    },
    {
      "spdxElementId": "SPDXRef-binary",
      "relationshipType": "CONTAINS",
      "relatedSpdxElement": "SPDXRef-binary-file-70"
    },
    {
      "spdxElementId": "SPDXRef-binary",
      "relationshipType": "CONTAINS",
      "relatedSpdxElement": "SPDXRef-binary-file-71"
    },
    {
      "spdxElementId": "SPDXRef-binary",
      "relationshipType": "CONTAINS",
      "relatedSpdxElement": "SPDXRef-binary-file-72"
    },
    {
      "spdxElementId": "SPDXRef-binary",
      "relationshipType": "CONTAINS",
      "relatedSpdxElement": "SPDXRef-binary-file-73"
    },
    {
      "spdxElementId": "SPDXRef-binary",
      "relationshipType": "CONTAINS",
      "relatedSpdxElement": "SPDXRef-binary-file-74"
    },
    {
      "spdxElementId": "SPDXRef-binary",
      "relationshipType": "CONTAINS",
      "relatedSpdxElement": "SPDXRef-binary-file-75"
    },
    {
      "spdxElementId": "SPDXRef-binary",
      "relationshipType": "CONTAINS",
      "relatedSpdxElement": "SPDXRef-binary-file-76"
    },
    {
      "spdxElementId": "SPDXRef-binary",
      "relationshipType": "CONTAINS",
      "relatedSpdxElement": "SPDXRef-binary-file-77"
    },
    {
      "spdxElementId": "SPDXRef-binary",
      "relationshipType": "CONTAINS",
      "relatedSpdxElement": "SPDXRef-binary-file-78"
    },
    {
      "spdxElementId": "SPDXRef-binary",
      "relationshipType": "CONTAINS",
      "relatedSpdxElement": "SPDXRef-binary-file-79"
    },
    {
      "spdxElementId": "SPDXRef-binary",
      "relationshipType": "CONTAINS",
      "relatedSpdxElement": "SPDXRef-binary-file-80"
    },
    {
      "spdxElementId": "SPDXRef-binary",
      "relationshipType": "CONTAINS",
      "relatedSpdxElement": "SPDXRef-binary-file-81"
    },
    {
      "spdxElementId": "SPDXRef-binary",
      "relationshipType": "CONTAINS",
      "relatedSpdxElement": "SPDXRef-binary-file-82"
    },
    {
      "spdxElementId": "SPDXRef-binary",
      "relationshipType": "CONTAINS",
      "relatedSpdxElement": "SPDXRef-binary-file-83"
    },
    {
      "spdxElementId": "SPDXRef-binary",
      "relationshipType": "CONTAINS",
      "relatedSpdxElement": "SPDXRef-binary-file-84"
    },
    {
      "spdxElementId": "SPDXRef-binary",
      "relationshipType": "CONTAINS",
      "relatedSpdxElement": "SPDXRef-binary-file-85"
    },
    {
      "spdxElementId": "SPDXRef-binary",
      "relationshipType": "CONTAINS",
      "relatedSpdxElement": "SPDXRef-binary-file-86"
    },
    {
      "spdxElementId": "SPDXRef-binary",
      "relationshipType": "CONTAINS",
      "relatedSpdxElement": "SPDXRef-binary-file-87"
    },
    {
      "spdxElementId": "SPDXRef-binary",
      "relationshipType": "CONTAINS",
      "relatedSpdxElement": "SPDXRef-binary-file-88"
    },
    {
      "spdxElementId": "SPDXRef-binary",
      "relationshipType": "CONTAINS",
      "relatedSpdxElement": "SPDXRef-binary-file-89"
    },
    {
      "spdxElementId": "SPDXRef-binary",
      "relationshipType": "CONTAINS",
      "relatedSpdxElement": "SPDXRef-binary-file-90"
    },
    {
      "spdxElementId": "SPDXRef-binary",
      "relationshipType": "CONTAINS",
      "relatedSpdxElement": "SPDXRef-binary-file-91"
    },
    {
      "spdxElementId": "SPDXRef-binary",
      "relationshipType": "CONTAINS",
      "relatedSpdxElement": "SPDXRef-binary-file-92"
    },
    {
      "spdxElementId": "SPDXRef-binary",
      "relationshipType": "CONTAINS",
      "relatedSpdxElement": "SPDXRef-binary-file-93"
    },
    {
      "spdxElementId": "SPDXRef-binary",
      "relationshipType": "CONTAINS",
      "relatedSpdxElement": "SPDXRef-binary-file-94"
    },
    {
      "spdxElementId": "SPDXRef-binary",
      "relationshipType": "CONTAINS",
      "relatedSpdxElement": "SPDXRef-binary-file-95"
    },
    {
      "spdxElementId": "SPDXRef-binary",
      "relationshipType": "CONTAINS",
      "relatedSpdxElement": "SPDXRef-binary-file-96"
    },
    {
      "spdxElementId": "SPDXRef-binary",
      "relationshipType": "CONTAINS",
      "relatedSpdxElement": "SPDXRef-binary-file-97"
    },
    {
      "spdxElementId": "SPDXRef-binary",
      "relationshipType": "CONTAINS",
      "relatedSpdxElement": "SPDXRef-binary-file-98"
    },
    {
      "spdxElementId": "SPDXRef-binary",
      "relationshipType": "CONTAINS",
      "relatedSpdxElement": "SPDXRef-binary-file-99"
    },
    {
      "spdxElementId": "SPDXRef-binary",
      "relationshipType": "CONTAINS",
      "relatedSpdxElement": "SPDXRef-binary-file-100"
    },
    {
      "spdxElementId": "SPDXRef-binary",
      "relationshipType": "CONTAINS",
      "relatedSpdxElement": "SPDXRef-binary-file-101"
    },
    {
      "spdxElementId": "SPDXRef-binary",
      "relationshipType": "CONTAINS",
      "relatedSpdxElement": "SPDXRef-binary-file-102"
    },
    {
      "spdxElementId": "SPDXRef-binary",
      "relationshipType": "CONTAINS",
      "relatedSpdxElement": "SPDXRef-binary-file-103"
    },
    {
      "spdxElementId": "SPDXRef-binary",
      "relationshipType": "CONTAINS",
      "relatedSpdxElement": "SPDXRef-binary-file-104"
    },
    {
      "spdxElementId": "SPDXRef-binary",
      "relationshipType": "CONTAINS",
      "relatedSpdxElement": "SPDXRef-binary-file-105"
    },
    {
      "spdxElementId": "SPDXRef-binary",
      "relationshipType": "CONTAINS",
      "relatedSpdxElement": "SPDXRef-binary-file-106"
    },
    {
      "spdxElementId": "SPDXRef-binary",
      "relationshipType": "CONTAINS",
      "relatedSpdxElement": "SPDXRef-binary-file-107"
    },
    {
      "spdxElementId": "SPDXRef-binary",
      "relationshipType": "CONTAINS",
      "relatedSpdxElement": "SPDXRef-binary-file-108"
    },
    {
      "spdxElementId": "SPDXRef-binary",
      "relationshipType": "CONTAINS",
      "relatedSpdxElement": "SPDXRef-binary-file-109"
    },
    {
      "spdxElementId": "SPDXRef-binary",
      "relationshipType": "CONTAINS",
      "relatedSpdxElement": "SPDXRef-binary-file-110"
    },
    {
      "spdxElementId": "SPDXRef-binary",
      "relationshipType": "CONTAINS",
      "relatedSpdxElement": "SPDXRef-binary-file-111"
    },
    {
      "spdxElementId": "SPDXRef-binary",
      "relationshipType": "CONTAINS",
      "relatedSpdxElement": "SPDXRef-binary-file-112"
    },
    {
      "spdxElementId": "SPDXRef-binary",
      "relationshipType": "CONTAINS",
      "relatedSpdxElement": "SPDXRef-binary-file-113"
    },
    {
      "spdxElementId": "SPDXRef-binary",
      "relationshipType": "CONTAINS",
      "relatedSpdxElement": "SPDXRef-binary-file-114"
    },
    {
      "spdxElementId": "SPDXRef-binary",
      "relationshipType": "CONTAINS",
      "relatedSpdxElement": "SPDXRef-binary-file-115"
    },
    {
      "spdxElementId": "SPDXRef-binary",
      "relationshipType": "CONTAINS",
      "relatedSpdxElement": "SPDXRef-binary-file-116"
    },
    {
      "spdxElementId": "SPDXRef-binary",
      "relationshipType": "CONTAINS",
      "relatedSpdxElement": "SPDXRef-binary-file-117"
    },
    {
      "spdxElementId": "SPDXRef-binary",
      "relationshipType": "CONTAINS",
      "relatedSpdxElement": "SPDXRef-binary-file-118"
    },
    {
      "spdxElementId": "SPDXRef-binary",
      "relationshipType": "CONTAINS",
      "relatedSpdxElement": "SPDXRef-binary-file-119"
    },
    {
      "spdxElementId": "SPDXRef-binary",
      "relationshipType": "CONTAINS",
      "relatedSpdxElement": "SPDXRef-binary-file-120"
    },
    {
      "spdxElementId": "SPDXRef-binary",
      "relationshipType": "CONTAINS",
      "relatedSpdxElement": "SPDXRef-binary-file-121"
    },
    {
      "spdxElementId": "SPDXRef-binary",
      "relationshipType": "CONTAINS",
      "relatedSpdxElement": "SPDXRef-binary-file-122"
    },
    {
      "spdxElementId": "SPDXRef-binary",
      "relationshipType": "CONTAINS",
      "relatedSpdxElement": "SPDXRef-binary-file-123"
    },
    {
      "spdxElementId": "SPDXRef-binary",
      "relationshipType": "CONTAINS",
      "relatedSpdxElement": "SPDXRef-binary-file-124"
    },
    {
      "spdxElementId": "SPDXRef-binary",
      "relationshipType": "CONTAINS",
      "relatedSpdxElement": "SPDXRef-binary-file-125"
    },
    {
      "spdxElementId": "SPDXRef-binary",
      "relationshipType": "CONTAINS",
      "relatedSpdxElement": "SPDXRef-binary-file-126"
    },
    {
      "spdxElementId": "SPDXRef-binary",
      "relationshipType": "CONTAINS",
      "relatedSpdxElement": "SPDXRef-binary-file-127"
    },
    {
      "spdxElementId": "SPDXRef-binary",
      "relationshipType": "CONTAINS",
      "relatedSpdxElement": "SPDXRef-binary-file-128"
    },
    {
      "spdxElementId": "SPDXRef-binary",
      "relationshipType": "CONTAINS",
      "relatedSpdxElement": "SPDXRef-binary-file-129"
    },
    {
      "spdxElementId": "SPDXRef-binary",
      "relationshipType": "CONTAINS",
      "relatedSpdxElement": "SPDXRef-binary-file-130"
    },
    {
      "spdxElementId": "SPDXRef-binary",
      "relationshipType": "CONTAINS",
      "relatedSpdxElement": "SPDXRef-binary-file-131"
    },
    {
      "spdxElementId": "SPDXRef-binary",
      "relationshipType": "CONTAINS",
      "relatedSpdxElement": "SPDXRef-binary-file-132"
    },
    {
      "spdxElementId": "SPDXRef-binary",
      "relationshipType": "CONTAINS",
      "relatedSpdxElement": "SPDXRef-binary-file-133"
    },
    {
      "spdxElementId": "SPDXRef-binary",
      "relationshipType": "CONTAINS",
      "relatedSpdxElement": "SPDXRef-binary-file-134"
    },
    {
      "spdxElementId": "SPDXRef-binary",
      "relationshipType": "CONTAINS",
      "relatedSpdxElement": "SPDXRef-binary-file-135"
    },
    {
      "spdxElementId": "SPDXRef-binary",
      "relationshipType": "CONTAINS",
      "relatedSpdxElement": "SPDXRef-binary-file-136"
    },
    {
      "spdxElementId": "SPDXRef-binary",
      "relationshipType": "CONTAINS",
      "relatedSpdxElement": "SPDXRef-binary-file-137"
    },
    {
      "spdxElementId": "SPDXRef-binary",
      "relationshipType": "CONTAINS",
      "relatedSpdxElement": "SPDXRef-binary-file-138"
    },
    {
      "spdxElementId": "SPDXRef-binary",
      "relationshipType": "CONTAINS",
      "relatedSpdxElement": "SPDXRef-binary-file-139"
    }
  ],
  "packages": [
    {
      "name": "boost-iostreams",
      "SPDXID": "SPDXRef-port",
      "versionInfo": "1.88.0",
      "downloadLocation": "git+https://github.com/Microsoft/vcpkg#ports/boost-iostreams",
      "homepage": "https://www.boost.org/libs/iostreams",
      "licenseConcluded": "BSL-1.0",
      "licenseDeclared": "NOASSERTION",
      "copyrightText": "NOASSERTION",
      "description": "Boost iostreams module",
      "comment": "This is the port (recipe) consumed by vcpkg."
    },
    {
      "name": "boost-iostreams:x64-windows",
      "SPDXID": "SPDXRef-binary",
      "versionInfo": "e4a4e0301dffe1947cdd9a1c499fcf3cb98f0c00506718e088320116f06bc07a",
      "downloadLocation": "NONE",
      "licenseConcluded": "BSL-1.0",
      "licenseDeclared": "NOASSERTION",
      "copyrightText": "NOASSERTION",
      "comment": "This is a binary package built by vcpkg."
    },
    {
      "SPDXID": "SPDXRef-resource-0",
      "name": "boostorg/iostreams",
      "downloadLocation": "git+https://github.com/boostorg/iostreams@boost-1.88.0",
      "licenseConcluded": "NOASSERTION",
      "licenseDeclared": "NOASSERTION",
      "copyrightText": "NOASSERTION",
      "checksums": [
        {
          "algorithm": "SHA512",
          "checksumValue": "b209b2302ba2f5f7483e5d7fbc37104738b87e7f9016ee7fba1dbe4962c0594763523693cbb8c9a8d4867a7d486024b1ca7c82cfe646400a5be384136139ce7f"
        }
      ]
    }
  ],
  "files": [
    {
      "fileName": "./features.cmake",
      "SPDXID": "SPDXRef-port-file-0",
      "checksums": [
        {
          "algorithm": "SHA256",
          "checksumValue": "0edc1a898ddaa3e8210cf7d0a42c8073461905e1867c21cffd6cc92e1d06dd6e"
        }
      ],
      "licenseConcluded": "NOASSERTION",
      "copyrightText": "NOASSERTION"
    },
    {
      "fileName": "./portfile.cmake",
      "SPDXID": "SPDXRef-port-file-1",
      "checksums": [
        {
          "algorithm": "SHA256",
          "checksumValue": "13acd86bceedab56d901c9c392eee4a85cf3a9d6120e27d4e2d426f82033dd81"
        }
      ],
      "licenseConcluded": "NOASSERTION",
      "copyrightText": "NOASSERTION"
    },
    {
      "fileName": "./vcpkg.json",
      "SPDXID": "SPDXRef-port-file-2",
      "checksums": [
        {
          "algorithm": "SHA256",
          "checksumValue": "84924a76d7bbdfbb654624c15ef4ed74ce4aade00e63f4a302998b8346b3e2d0"
        }
      ],
      "licenseConcluded": "NOASSERTION",
      "copyrightText": "NOASSERTION"
    },
    {
      "fileName": "./bin/boost_iostreams-vc143-mt-x64-1_88.dll",
      "SPDXID": "SPDXRef-binary-file-0",
      "checksums": [
        {
          "algorithm": "SHA256",
          "checksumValue": "c7c8b2cdbbc28d3e76142a2b07d28790bb78166810e05eb1e9feb0d2e323a48a"
        }
      ],
      "licenseConcluded": "NOASSERTION",
      "copyrightText": "NOASSERTION"
    },
    {
      "fileName": "./bin/boost_iostreams-vc143-mt-x64-1_88.pdb",
      "SPDXID": "SPDXRef-binary-file-1",
      "checksums": [
        {
          "algorithm": "SHA256",
          "checksumValue": "5ee77da881088430401bdab43eaa0ab3465e7b8341b1641b5648e4441e7d74f8"
        }
      ],
      "licenseConcluded": "NOASSERTION",
      "copyrightText": "NOASSERTION"
    },
    {
      "fileName": "./BUILD_INFO",
      "SPDXID": "SPDXRef-binary-file-2",
      "checksums": [
        {
          "algorithm": "SHA256",
          "checksumValue": "5e7f821ab4eb804deb535baa7b41edca682d0303cf21a91908c98d5c9a7dcf4d"
        }
      ],
      "licenseConcluded": "NOASSERTION",
      "copyrightText": "NOASSERTION"
    },
    {
      "fileName": "./debug/bin/boost_iostreams-vc143-mt-gd-x64-1_88.dll",
      "SPDXID": "SPDXRef-binary-file-3",
      "checksums": [
        {
          "algorithm": "SHA256",
          "checksumValue": "4b15e74c27bb14acf4aad10b0beaeecf86facb2f43d484a25abc296b8e82d346"
        }
      ],
      "licenseConcluded": "NOASSERTION",
      "copyrightText": "NOASSERTION"
    },
    {
      "fileName": "./debug/bin/boost_iostreams-vc143-mt-gd-x64-1_88.pdb",
      "SPDXID": "SPDXRef-binary-file-4",
      "checksums": [
        {
          "algorithm": "SHA256",
          "checksumValue": "a731e8d5ffb9207842b21dc908525ab30b60498573cad2f5a90c7723758a73d0"
        }
      ],
      "licenseConcluded": "NOASSERTION",
      "copyrightText": "NOASSERTION"
    },
    {
      "fileName": "./debug/lib/boost_iostreams-vc143-mt-gd-x64-1_88.lib",
      "SPDXID": "SPDXRef-binary-file-5",
      "checksums": [
        {
          "algorithm": "SHA256",
          "checksumValue": "2e49e1c0dd4f4a45e53d30639b00e06a17da1d1cfbe031a1e5b90d5b605e17e1"
        }
      ],
      "licenseConcluded": "NOASSERTION",
      "copyrightText": "NOASSERTION"
    },
    {
      "fileName": "./include/boost/iostreams/categories.hpp",
      "SPDXID": "SPDXRef-binary-file-6",
      "checksums": [
        {
          "algorithm": "SHA256",
          "checksumValue": "613e1e9d703778c93e5873a25c4a54fcc93d32941d11dc485378da799471efe3"
        }
      ],
      "licenseConcluded": "NOASSERTION",
      "copyrightText": "NOASSERTION"
    },
    {
      "fileName": "./include/boost/iostreams/chain.hpp",
      "SPDXID": "SPDXRef-binary-file-7",
      "checksums": [
        {
          "algorithm": "SHA256",
          "checksumValue": "0f558e911977be30b062b5b3b8d0e98f889dd2bc17718ac36632b95e839d9fcd"
        }
      ],
      "licenseConcluded": "NOASSERTION",
      "copyrightText": "NOASSERTION"
    },
    {
      "fileName": "./include/boost/iostreams/char_traits.hpp",
      "SPDXID": "SPDXRef-binary-file-8",
      "checksums": [
        {
          "algorithm": "SHA256",
          "checksumValue": "4665661db9b78fa84ee974c82695051862f593b0c979e4c6bc97fcf4d9e18df5"
        }
      ],
      "licenseConcluded": "NOASSERTION",
      "copyrightText": "NOASSERTION"
    },
    {
      "fileName": "./include/boost/iostreams/checked_operations.hpp",
      "SPDXID": "SPDXRef-binary-file-9",
      "checksums": [
        {
          "algorithm": "SHA256",
          "checksumValue": "6ae55364f5470dcb4a90770a61f2ba965aaee8d2417dbaef12dee9e1f922d0f6"
        }
      ],
      "licenseConcluded": "NOASSERTION",
      "copyrightText": "NOASSERTION"
    },
    {
      "fileName": "./include/boost/iostreams/close.hpp",
      "SPDXID": "SPDXRef-binary-file-10",
      "checksums": [
        {
          "algorithm": "SHA256",
          "checksumValue": "ee6200eafa35c92088b81ec7310be3719e56f60d078367bbe97104a788fb286c"
        }
      ],
      "licenseConcluded": "NOASSERTION",
      "copyrightText": "NOASSERTION"
    },
    {
      "fileName": "./include/boost/iostreams/code_converter.hpp",
      "SPDXID": "SPDXRef-binary-file-11",
      "checksums": [
        {
          "algorithm": "SHA256",
          "checksumValue": "5b593db16369fad3c18d9e58dd4d3174a0c427aa5a100fc86cc5fed50d47ebbb"
        }
      ],
      "licenseConcluded": "NOASSERTION",
      "copyrightText": "NOASSERTION"
    },
    {
      "fileName": "./include/boost/iostreams/combine.hpp",
      "SPDXID": "SPDXRef-binary-file-12",
      "checksums": [
        {
          "algorithm": "SHA256",
          "checksumValue": "090a98b78d5808a0b0ddcaae87cf917b3c312efc11551ae5416f916408a00e6c"
        }
      ],
      "licenseConcluded": "NOASSERTION",
      "copyrightText": "NOASSERTION"
    },
    {
      "fileName": "./include/boost/iostreams/compose.hpp",
      "SPDXID": "SPDXRef-binary-file-13",
      "checksums": [
        {
          "algorithm": "SHA256",
          "checksumValue": "4f0da7289262dde554a056b805d87046f90886edcc7d94e87081e9a511c3b2de"
        }
      ],
      "licenseConcluded": "NOASSERTION",
      "copyrightText": "NOASSERTION"
    },
    {
      "fileName": "./include/boost/iostreams/concepts.hpp",
      "SPDXID": "SPDXRef-binary-file-14",
      "checksums": [
        {
          "algorithm": "SHA256",
          "checksumValue": "5666b5df7dba9e9c0e3d5f9aa6901e2db3b1fa555a76269903acc05f4a48f193"
        }
      ],
      "licenseConcluded": "NOASSERTION",
      "copyrightText": "NOASSERTION"
    },
    {
      "fileName": "./include/boost/iostreams/constants.hpp",
      "SPDXID": "SPDXRef-binary-file-15",
      "checksums": [
        {
          "algorithm": "SHA256",
          "checksumValue": "6ed0fa992eb8f7740020e1884fd5763f46f34619a548b45488b580246c1b9c43"
        }
      ],
      "licenseConcluded": "NOASSERTION",
      "copyrightText": "NOASSERTION"
    },
    {
      "fileName": "./include/boost/iostreams/copy.hpp",
      "SPDXID": "SPDXRef-binary-file-16",
      "checksums": [
        {
          "algorithm": "SHA256",
          "checksumValue": "7915085719fc87f64ad98d824222eb4255dc3539e97836fab7f9a92cbadccb9c"
        }
      ],
      "licenseConcluded": "NOASSERTION",
      "copyrightText": "NOASSERTION"
    },
    {
      "fileName": "./include/boost/iostreams/detail/absolute_path.hpp",
      "SPDXID": "SPDXRef-binary-file-17",
      "checksums": [
        {
          "algorithm": "SHA256",
          "checksumValue": "836956184fc2f874865ebb58ab780e4f7a96b434f9e121bae00cdbdddc96a683"
        }
      ],
      "licenseConcluded": "NOASSERTION",
      "copyrightText": "NOASSERTION"
    },
    {
      "fileName": "./include/boost/iostreams/detail/access_control.hpp",
      "SPDXID": "SPDXRef-binary-file-18",
      "checksums": [
        {
          "algorithm": "SHA256",
          "checksumValue": "f5e9e3624c97cf937dcf35d2f7c543d5acd203153343abd3db477787d8023bb6"
        }
      ],
      "licenseConcluded": "NOASSERTION",
      "copyrightText": "NOASSERTION"
    },
    {
      "fileName": "./include/boost/iostreams/detail/adapter/concept_adapter.hpp",
      "SPDXID": "SPDXRef-binary-file-19",
      "checksums": [
        {
          "algorithm": "SHA256",
          "checksumValue": "28e7c113f010d30864f4fec3d2313bc2add231622ace4d9563decd121a61b7a8"
        }
      ],
      "licenseConcluded": "NOASSERTION",
      "copyrightText": "NOASSERTION"
    },
    {
      "fileName": "./include/boost/iostreams/detail/adapter/device_adapter.hpp",
      "SPDXID": "SPDXRef-binary-file-20",
      "checksums": [
        {
          "algorithm": "SHA256",
          "checksumValue": "a13fb7362e89aba431df9e76c55075e92b2ec2879a32d7faf0928bcd34092f17"
        }
      ],
      "licenseConcluded": "NOASSERTION",
      "copyrightText": "NOASSERTION"
    },
    {
      "fileName": "./include/boost/iostreams/detail/adapter/direct_adapter.hpp",
      "SPDXID": "SPDXRef-binary-file-21",
      "checksums": [
        {
          "algorithm": "SHA256",
          "checksumValue": "86f8d95ebcb03e3e3784680429f0137772935d27606fd5a9ea4c8f6264f5d64e"
        }
      ],
      "licenseConcluded": "NOASSERTION",
      "copyrightText": "NOASSERTION"
    },
    {
      "fileName": "./include/boost/iostreams/detail/adapter/filter_adapter.hpp",
      "SPDXID": "SPDXRef-binary-file-22",
      "checksums": [
        {
          "algorithm": "SHA256",
          "checksumValue": "b9c18b5f77be8705c208a3dbb68511ddad3a89bffa6db5d3ba0ae20d7883cd50"
        }
      ],
      "licenseConcluded": "NOASSERTION",
      "copyrightText": "NOASSERTION"
    },
    {
      "fileName": "./include/boost/iostreams/detail/adapter/mode_adapter.hpp",
      "SPDXID": "SPDXRef-binary-file-23",
      "checksums": [
        {
          "algorithm": "SHA256",
          "checksumValue": "1bf4bf72971107872f797d9ebc256905ae512c28885fd9456d2d40509981737c"
        }
      ],
      "licenseConcluded": "NOASSERTION",
      "copyrightText": "NOASSERTION"
    },
    {
      "fileName": "./include/boost/iostreams/detail/adapter/non_blocking_adapter.hpp",
      "SPDXID": "SPDXRef-binary-file-24",
      "checksums": [
        {
          "algorithm": "SHA256",
          "checksumValue": "bf5f23cf063c4cb3b927cf288ad03fe1b7f541d99a68bfef3480ab00aecbc37b"
        }
      ],
      "licenseConcluded": "NOASSERTION",
      "copyrightText": "NOASSERTION"
    },
    {
      "fileName": "./include/boost/iostreams/detail/adapter/output_iterator_adapter.hpp",
      "SPDXID": "SPDXRef-binary-file-25",
      "checksums": [
        {
          "algorithm": "SHA256",
          "checksumValue": "407884eaecd7b0fc90546dd73b2b62d1e13015b0a57974701b1dcddb5a65d016"
        }
      ],
      "licenseConcluded": "NOASSERTION",
      "copyrightText": "NOASSERTION"
    },
    {
      "fileName": "./include/boost/iostreams/detail/adapter/range_adapter.hpp",
      "SPDXID": "SPDXRef-binary-file-26",
      "checksums": [
        {
          "algorithm": "SHA256",
          "checksumValue": "96f5f6d403e3c1e1c6bb6a47d76606464c497148f21c1579251d6619dc631c4c"
        }
      ],
      "licenseConcluded": "NOASSERTION",
      "copyrightText": "NOASSERTION"
    },
    {
      "fileName": "./include/boost/iostreams/detail/add_facet.hpp",
      "SPDXID": "SPDXRef-binary-file-27",
      "checksums": [
        {
          "algorithm": "SHA256",
          "checksumValue": "2dad0b82715c0b46eca8e25fbc91833c8d22957a3197a7b06449c07bcefcc70d"
        }
      ],
      "licenseConcluded": "NOASSERTION",
      "copyrightText": "NOASSERTION"
    },
    {
      "fileName": "./include/boost/iostreams/detail/bool_trait_def.hpp",
      "SPDXID": "SPDXRef-binary-file-28",
      "checksums": [
        {
          "algorithm": "SHA256",
          "checksumValue": "20cb3a8dbe90620abe6384feb0f803c4f5ffe8656983158dbfc4d61939ae4294"
        }
      ],
      "licenseConcluded": "NOASSERTION",
      "copyrightText": "NOASSERTION"
    },
    {
      "fileName": "./include/boost/iostreams/detail/broken_overload_resolution/forward.hpp",
      "SPDXID": "SPDXRef-binary-file-29",
      "checksums": [
        {
          "algorithm": "SHA256",
          "checksumValue": "73c0cbcfdcd8e9d71e1cc65e20c575a905a8d231920a7b492b2181f12272e5e1"
        }
      ],
      "licenseConcluded": "NOASSERTION",
      "copyrightText": "NOASSERTION"
    },
    {
      "fileName": "./include/boost/iostreams/detail/broken_overload_resolution/stream.hpp",
      "SPDXID": "SPDXRef-binary-file-30",
      "checksums": [
        {
          "algorithm": "SHA256",
          "checksumValue": "0e758b0b34c8e3bc74bf6d53ecb83ce74447f81fa5360fc1e829aaf26e54aa7c"
        }
      ],
      "licenseConcluded": "NOASSERTION",
      "copyrightText": "NOASSERTION"
    },
    {
      "fileName": "./include/boost/iostreams/detail/broken_overload_resolution/stream_buffer.hpp",
      "SPDXID": "SPDXRef-binary-file-31",
      "checksums": [
        {
          "algorithm": "SHA256",
          "checksumValue": "d10d018c7fa6c178d9ef66676e5ddeb0e0e2bca225ab83f25a3b4ad6bea767dd"
        }
      ],
      "licenseConcluded": "NOASSERTION",
      "copyrightText": "NOASSERTION"
    },
    {
      "fileName": "./include/boost/iostreams/detail/buffer.hpp",
      "SPDXID": "SPDXRef-binary-file-32",
      "checksums": [
        {
          "algorithm": "SHA256",
          "checksumValue": "80b575cd9b5e81435f4fd6798397c2f8b84d6fb768c070a6f6380e5396f43302"
        }
      ],
      "licenseConcluded": "NOASSERTION",
      "copyrightText": "NOASSERTION"
    },
    {
      "fileName": "./include/boost/iostreams/detail/call_traits.hpp",
      "SPDXID": "SPDXRef-binary-file-33",
      "checksums": [
        {
          "algorithm": "SHA256",
          "checksumValue": "d095aac1636f60edf44ada0c08077590b29b00cfe099f27020acf741fe76f0a9"
        }
      ],
      "licenseConcluded": "NOASSERTION",
      "copyrightText": "NOASSERTION"
    },
    {
      "fileName": "./include/boost/iostreams/detail/char_traits.hpp",
      "SPDXID": "SPDXRef-binary-file-34",
      "checksums": [
        {
          "algorithm": "SHA256",
          "checksumValue": "6f1628e5864fe46e13677ba6a3dc4bc721e1968b602689282d2a9af6f84046da"
        }
      ],
      "licenseConcluded": "NOASSERTION",
      "copyrightText": "NOASSERTION"
    },
    {
      "fileName": "./include/boost/iostreams/detail/codecvt_helper.hpp",
      "SPDXID": "SPDXRef-binary-file-35",
      "checksums": [
        {
          "algorithm": "SHA256",
          "checksumValue": "108ddfcb75fdc545fdaaaebfdd738f8a49e20e83ba9f6206e8e1d0e49ff9efac"
        }
      ],
      "licenseConcluded": "NOASSERTION",
      "copyrightText": "NOASSERTION"
    },
    {
      "fileName": "./include/boost/iostreams/detail/codecvt_holder.hpp",
      "SPDXID": "SPDXRef-binary-file-36",
      "checksums": [
        {
          "algorithm": "SHA256",
          "checksumValue": "e78df057c070f71f978bdec674259c3d6af0c2c5c5c452a30cc66462b679c743"
        }
      ],
      "licenseConcluded": "NOASSERTION",
      "copyrightText": "NOASSERTION"
    },
    {
      "fileName": "./include/boost/iostreams/detail/config/auto_link.hpp",
      "SPDXID": "SPDXRef-binary-file-37",
      "checksums": [
        {
          "algorithm": "SHA256",
          "checksumValue": "d4171059880fbf2304e61a4b37cdea842cf9033dd1f9695d03a32970fd7b1901"
        }
      ],
      "licenseConcluded": "NOASSERTION",
      "copyrightText": "NOASSERTION"
    },
    {
      "fileName": "./include/boost/iostreams/detail/config/bzip2.hpp",
      "SPDXID": "SPDXRef-binary-file-38",
      "checksums": [
        {
          "algorithm": "SHA256",
          "checksumValue": "2594fae152a2cc47e2e9e537dac8ac1e82a2e431d9c5e56b9b055338b672e3da"
        }
      ],
      "licenseConcluded": "NOASSERTION",
      "copyrightText": "NOASSERTION"
    },
    {
      "fileName": "./include/boost/iostreams/detail/config/codecvt.hpp",
      "SPDXID": "SPDXRef-binary-file-39",
      "checksums": [
        {
          "algorithm": "SHA256",
          "checksumValue": "c42df32a803ad367b6cc8a62b5c07b1a885dcec2b1b39be334de1f17da7a51df"
        }
      ],
      "licenseConcluded": "NOASSERTION",
      "copyrightText": "NOASSERTION"
    },
    {
      "fileName": "./include/boost/iostreams/detail/config/disable_warnings.hpp",
      "SPDXID": "SPDXRef-binary-file-40",
      "checksums": [
        {
          "algorithm": "SHA256",
          "checksumValue": "7d423e957634cc571357617260f7fe4f820f207aeda2691b6852175d04152301"
        }
      ],
      "licenseConcluded": "NOASSERTION",
      "copyrightText": "NOASSERTION"
    },
    {
      "fileName": "./include/boost/iostreams/detail/config/dyn_link.hpp",
      "SPDXID": "SPDXRef-binary-file-41",
      "checksums": [
        {
          "algorithm": "SHA256",
          "checksumValue": "de03884ac82320ac082247f94a8c79a909c432bbb96ff19f5d64d46465607504"
        }
      ],
      "licenseConcluded": "NOASSERTION",
      "copyrightText": "NOASSERTION"
    },
    {
      "fileName": "./include/boost/iostreams/detail/config/enable_warnings.hpp",
      "SPDXID": "SPDXRef-binary-file-42",
      "checksums": [
        {
          "algorithm": "SHA256",
          "checksumValue": "758ac44cc795ac83c1a63bda8710abb194021552ef43296e39e3e81e59819cca"
        }
      ],
      "licenseConcluded": "NOASSERTION",
      "copyrightText": "NOASSERTION"
    },
    {
      "fileName": "./include/boost/iostreams/detail/config/fpos.hpp",
      "SPDXID": "SPDXRef-binary-file-43",
      "checksums": [
        {
          "algorithm": "SHA256",
          "checksumValue": "afab6056f4f82f7efb9852459b453c7c913126d97ebb1f69023a77e25947433c"
        }
      ],
      "licenseConcluded": "NOASSERTION",
      "copyrightText": "NOASSERTION"
    },
    {
      "fileName": "./include/boost/iostreams/detail/config/gcc.hpp",
      "SPDXID": "SPDXRef-binary-file-44",
      "checksums": [
        {
          "algorithm": "SHA256",
          "checksumValue": "068b061e611c730595b39241d846f85d801898da699cf0148b215327327a3472"
        }
      ],
      "licenseConcluded": "NOASSERTION",
      "copyrightText": "NOASSERTION"
    },
    {
      "fileName": "./include/boost/iostreams/detail/config/limits.hpp",
      "SPDXID": "SPDXRef-binary-file-45",
      "checksums": [
        {
          "algorithm": "SHA256",
          "checksumValue": "14c247ea11589a61dc062838475ab14b97071b70f379e7a297168d2fb6c6b63b"
        }
      ],
      "licenseConcluded": "NOASSERTION",
      "copyrightText": "NOASSERTION"
    },
    {
      "fileName": "./include/boost/iostreams/detail/config/overload_resolution.hpp",
      "SPDXID": "SPDXRef-binary-file-46",
      "checksums": [
        {
          "algorithm": "SHA256",
          "checksumValue": "5f7fb58964d1c1db33b37d5ea6f7dbfa544b3db27f7b305e17efa3bd3898c5e3"
        }
      ],
      "licenseConcluded": "NOASSERTION",
      "copyrightText": "NOASSERTION"
    },
    {
      "fileName": "./include/boost/iostreams/detail/config/rtl.hpp",
      "SPDXID": "SPDXRef-binary-file-47",
      "checksums": [
        {
          "algorithm": "SHA256",
          "checksumValue": "3632c423fe47d6e2523f928cf7aaf9674a858c8839c3758dc6453ba91cadf249"
        }
      ],
      "licenseConcluded": "NOASSERTION",
      "copyrightText": "NOASSERTION"
    },
    {
      "fileName": "./include/boost/iostreams/detail/config/unreachable_return.hpp",
      "SPDXID": "SPDXRef-binary-file-48",
      "checksums": [
        {
          "algorithm": "SHA256",
          "checksumValue": "80f518c9e346b19c9d93e3f1f8193a4e2827cf2079ec1d7fdbfbc9cab0fefa5b"
        }
      ],
      "licenseConcluded": "NOASSERTION",
      "copyrightText": "NOASSERTION"
    },
    {
      "fileName": "./include/boost/iostreams/detail/config/wide_streams.hpp",
      "SPDXID": "SPDXRef-binary-file-49",
      "checksums": [
        {
          "algorithm": "SHA256",
          "checksumValue": "89d10e2f3c26f3f16c85d538a068068b98f39bc156f4f8f4c1a7df47967fea49"
        }
      ],
      "licenseConcluded": "NOASSERTION",
      "copyrightText": "NOASSERTION"
    },
    {
      "fileName": "./include/boost/iostreams/detail/config/windows_posix.hpp",
      "SPDXID": "SPDXRef-binary-file-50",
      "checksums": [
        {
          "algorithm": "SHA256",
          "checksumValue": "ccfb2d190450e5ed62ddbb395cbd79a8bb1ba6e956f20ec86767eb768ce7fb1a"
        }
      ],
      "licenseConcluded": "NOASSERTION",
      "copyrightText": "NOASSERTION"
    },
    {
      "fileName": "./include/boost/iostreams/detail/config/zlib.hpp",
      "SPDXID": "SPDXRef-binary-file-51",
      "checksums": [
        {
          "algorithm": "SHA256",
          "checksumValue": "e573c4fa9ec2c1c89ee63c97c19678b3087a8930e2af9065583db58b797395b7"
        }
      ],
      "licenseConcluded": "NOASSERTION",
      "copyrightText": "NOASSERTION"
    },
    {
      "fileName": "./include/boost/iostreams/detail/counted_array.hpp",
      "SPDXID": "SPDXRef-binary-file-52",
      "checksums": [
        {
          "algorithm": "SHA256",
          "checksumValue": "a3c0d8afbdad1e93e015b23aec309ef201649023f8297640fcca3db59f2427c1"
        }
      ],
      "licenseConcluded": "NOASSERTION",
      "copyrightText": "NOASSERTION"
    },
    {
      "fileName": "./include/boost/iostreams/detail/current_directory.hpp",
      "SPDXID": "SPDXRef-binary-file-53",
      "checksums": [
        {
          "algorithm": "SHA256",
          "checksumValue": "393711301d4372eac1934849653aaaf7007a34aedfe8166097eae9b9a87a2df9"
        }
      ],
      "licenseConcluded": "NOASSERTION",
      "copyrightText": "NOASSERTION"
    },
    {
      "fileName": "./include/boost/iostreams/detail/default_arg.hpp",
      "SPDXID": "SPDXRef-binary-file-54",
      "checksums": [
        {
          "algorithm": "SHA256",
          "checksumValue": "e0e03117bfbef8e1d41cb9f12481f2c92eb98fd988497dc22191aa87f9065cb7"
        }
      ],
      "licenseConcluded": "NOASSERTION",
      "copyrightText": "NOASSERTION"
    },
    {
      "fileName": "./include/boost/iostreams/detail/dispatch.hpp",
      "SPDXID": "SPDXRef-binary-file-55",
      "checksums": [
        {
          "algorithm": "SHA256",
          "checksumValue": "2fd2ecb8f947271c53ca23d3402957ee2f6bdc2b0408e8ee0ce77c4d6e639d60"
        }
      ],
      "licenseConcluded": "NOASSERTION",
      "copyrightText": "NOASSERTION"
    },
    {
      "fileName": "./include/boost/iostreams/detail/double_object.hpp",
      "SPDXID": "SPDXRef-binary-file-56",
      "checksums": [
        {
          "algorithm": "SHA256",
          "checksumValue": "93f7806d074f96ea4f977e59a5bcb82f32b9cc7e8707b492fa51841530cbe23c"
        }
      ],
      "licenseConcluded": "NOASSERTION",
      "copyrightText": "NOASSERTION"
    },
    {
      "fileName": "./include/boost/iostreams/detail/enable_if_stream.hpp",
      "SPDXID": "SPDXRef-binary-file-57",
      "checksums": [
        {
          "algorithm": "SHA256",
          "checksumValue": "dd49d803f6506fe7c67627635b93a743caee1220094e98f2f082026d43fbc4d2"
        }
      ],
      "licenseConcluded": "NOASSERTION",
      "copyrightText": "NOASSERTION"
    },
    {
      "fileName": "./include/boost/iostreams/detail/error.hpp",
      "SPDXID": "SPDXRef-binary-file-58",
      "checksums": [
        {
          "algorithm": "SHA256",
          "checksumValue": "7112f72079a980ade65a6cd130c94cb01f7c7d4e99566d52ab58ed24a8eed7c6"
        }
      ],
      "licenseConcluded": "NOASSERTION",
      "copyrightText": "NOASSERTION"
    },
    {
      "fileName": "./include/boost/iostreams/detail/execute.hpp",
      "SPDXID": "SPDXRef-binary-file-59",
      "checksums": [
        {
          "algorithm": "SHA256",
          "checksumValue": "d9c6da9a31bc75aa7af26d941cd71cb59d0791a9a796387267f7ef27ee118018"
        }
      ],
      "licenseConcluded": "NOASSERTION",
      "copyrightText": "NOASSERTION"
    },
    {
      "fileName": "./include/boost/iostreams/detail/file_handle.hpp",
      "SPDXID": "SPDXRef-binary-file-60",
      "checksums": [
        {
          "algorithm": "SHA256",
          "checksumValue": "34eb62559861121180d25d3570d8e6237a242c2ee65a6c9ed0c5cec0335d9ec6"
        }
      ],
      "licenseConcluded": "NOASSERTION",
      "copyrightText": "NOASSERTION"
    },
    {
      "fileName": "./include/boost/iostreams/detail/forward.hpp",
      "SPDXID": "SPDXRef-binary-file-61",
      "checksums": [
        {
          "algorithm": "SHA256",
          "checksumValue": "5c7cbf9603c2deff46b23eb89164fd713918dc5e01636288a423cde436be6961"
        }
      ],
      "licenseConcluded": "NOASSERTION",
      "copyrightText": "NOASSERTION"
    },
    {
      "fileName": "./include/boost/iostreams/detail/fstream.hpp",
      "SPDXID": "SPDXRef-binary-file-62",
      "checksums": [
        {
          "algorithm": "SHA256",
          "checksumValue": "20417825210939242d98a9f21bd6da93c737b691db9e87b5803b8b3195ed623b"
        }
      ],
      "licenseConcluded": "NOASSERTION",
      "copyrightText": "NOASSERTION"
    },
    {
      "fileName": "./include/boost/iostreams/detail/functional.hpp",
      "SPDXID": "SPDXRef-binary-file-63",
      "checksums": [
        {
          "algorithm": "SHA256",
          "checksumValue": "b82fc1113d57dc285ceba6abd3b5b4524661fb598693b8ecf73198fe1294de8f"
        }
      ],
      "licenseConcluded": "NOASSERTION",
      "copyrightText": "NOASSERTION"
    },
    {
      "fileName": "./include/boost/iostreams/detail/ios.hpp",
      "SPDXID": "SPDXRef-binary-file-64",
      "checksums": [
        {
          "algorithm": "SHA256",
          "checksumValue": "db184c44633360996f067193a4659ea187940c0c7e2458456877a1e0794a3e0f"
        }
      ],
      "licenseConcluded": "NOASSERTION",
      "copyrightText": "NOASSERTION"
    },
    {
      "fileName": "./include/boost/iostreams/detail/iostream.hpp",
      "SPDXID": "SPDXRef-binary-file-65",
      "checksums": [
        {
          "algorithm": "SHA256",
          "checksumValue": "9ea4553dc28f14a58078e1dbfe555238c1d2a8a9b07dbbccf985fe2950350dc9"
        }
      ],
      "licenseConcluded": "NOASSERTION",
      "copyrightText": "NOASSERTION"
    },
    {
      "fileName": "./include/boost/iostreams/detail/is_dereferenceable.hpp",
      "SPDXID": "SPDXRef-binary-file-66",
      "checksums": [
        {
          "algorithm": "SHA256",
          "checksumValue": "2bf06710e9c8d69e3ade791b872b89768a23f11393fcbd18690f5e741ba719ed"
        }
      ],
      "licenseConcluded": "NOASSERTION",
      "copyrightText": "NOASSERTION"
    },
    {
      "fileName": "./include/boost/iostreams/detail/is_iterator_range.hpp",
      "SPDXID": "SPDXRef-binary-file-67",
      "checksums": [
        {
          "algorithm": "SHA256",
          "checksumValue": "12dc0439d9fe663bb465e1b7efb08994c512470f8191da4646d8497119e60b3e"
        }
      ],
      "licenseConcluded": "NOASSERTION",
      "copyrightText": "NOASSERTION"
    },
    {
      "fileName": "./include/boost/iostreams/detail/newline.hpp",
      "SPDXID": "SPDXRef-binary-file-68",
      "checksums": [
        {
          "algorithm": "SHA256",
          "checksumValue": "a25e329d333ce616372f78a218514e457117dda91c0100a47a52ceea074cdeb7"
        }
      ],
      "licenseConcluded": "NOASSERTION",
      "copyrightText": "NOASSERTION"
    },
    {
      "fileName": "./include/boost/iostreams/detail/optional.hpp",
      "SPDXID": "SPDXRef-binary-file-69",
      "checksums": [
        {
          "algorithm": "SHA256",
          "checksumValue": "f58fc037e1dfad8945e6cdd897a24a870a2de7e5b4ab90d042bcd8e88c7e7a31"
        }
      ],
      "licenseConcluded": "NOASSERTION",
      "copyrightText": "NOASSERTION"
    },
    {
      "fileName": "./include/boost/iostreams/detail/param_type.hpp",
      "SPDXID": "SPDXRef-binary-file-70",
      "checksums": [
        {
          "algorithm": "SHA256",
          "checksumValue": "c60c85cc0ef8182a3fe7538caa0c3c180c180206a2cb8da136822dbbf71cfa81"
        }
      ],
      "licenseConcluded": "NOASSERTION",
      "copyrightText": "NOASSERTION"
    },
    {
      "fileName": "./include/boost/iostreams/detail/path.hpp",
      "SPDXID": "SPDXRef-binary-file-71",
      "checksums": [
        {
          "algorithm": "SHA256",
          "checksumValue": "2b9630aea0ff5bdea4a464a505934def840ac41e6a97a4fec142ade9ba0ba1c5"
        }
      ],
      "licenseConcluded": "NOASSERTION",
      "copyrightText": "NOASSERTION"
    },
    {
      "fileName": "./include/boost/iostreams/detail/push.hpp",
      "SPDXID": "SPDXRef-binary-file-72",
      "checksums": [
        {
          "algorithm": "SHA256",
          "checksumValue": "fb3190ee45b4e8729b8c1ff623f42311f2e2a01b7864681d88739c8fd8db03d0"
        }
      ],
      "licenseConcluded": "NOASSERTION",
      "copyrightText": "NOASSERTION"
    },
    {
      "fileName": "./include/boost/iostreams/detail/push_params.hpp",
      "SPDXID": "SPDXRef-binary-file-73",
      "checksums": [
        {
          "algorithm": "SHA256",
          "checksumValue": "13fe3df050993aeadf3f0e6b95f5fcf5bb814d727b711d96ea021963cb7cb1b7"
        }
      ],
      "licenseConcluded": "NOASSERTION",
      "copyrightText": "NOASSERTION"
    },
    {
      "fileName": "./include/boost/iostreams/detail/resolve.hpp",
      "SPDXID": "SPDXRef-binary-file-74",
      "checksums": [
        {
          "algorithm": "SHA256",
          "checksumValue": "53fe8459a4e2a3825b6c4b8ffa14eb801a2c1058202d5ee0b4902a4acb7154eb"
        }
      ],
      "licenseConcluded": "NOASSERTION",
      "copyrightText": "NOASSERTION"
    },
    {
      "fileName": "./include/boost/iostreams/detail/restrict_impl.hpp",
      "SPDXID": "SPDXRef-binary-file-75",
      "checksums": [
        {
          "algorithm": "SHA256",
          "checksumValue": "a813a67372ac2f6a2cbb89172fb73efa40d7de18f6047982fd63b419ad01f4b1"
        }
      ],
      "licenseConcluded": "NOASSERTION",
      "copyrightText": "NOASSERTION"
    },
    {
      "fileName": "./include/boost/iostreams/detail/select.hpp",
      "SPDXID": "SPDXRef-binary-file-76",
      "checksums": [
        {
          "algorithm": "SHA256",
          "checksumValue": "a071994576fdfd915cc6b0449296b5419b7ab2501bac4731cc61e97f82cb3437"
        }
      ],
      "licenseConcluded": "NOASSERTION",
      "copyrightText": "NOASSERTION"
    },
    {
      "fileName": "./include/boost/iostreams/detail/select_by_size.hpp",
      "SPDXID": "SPDXRef-binary-file-77",
      "checksums": [
        {
          "algorithm": "SHA256",
          "checksumValue": "53be097b34512db3798b8817833958fa126f0793d5d1e48c9443f8ce2231a785"
        }
      ],
      "licenseConcluded": "NOASSERTION",
      "copyrightText": "NOASSERTION"
    },
    {
      "fileName": "./include/boost/iostreams/detail/streambuf/chainbuf.hpp",
      "SPDXID": "SPDXRef-binary-file-78",
      "checksums": [
        {
          "algorithm": "SHA256",
          "checksumValue": "79d05d36e058b42f72bccff942d5dfc8cb83615133a38d489ea095994f96100f"
        }
      ],
      "licenseConcluded": "NOASSERTION",
      "copyrightText": "NOASSERTION"
    },
    {
      "fileName": "./include/boost/iostreams/detail/streambuf/direct_streambuf.hpp",
      "SPDXID": "SPDXRef-binary-file-79",
      "checksums": [
        {
          "algorithm": "SHA256",
          "checksumValue": "ec0f83b1968edca5089c1cbf7354c490eb22c7de4a100371d5cafd88b056b03b"
        }
      ],
      "licenseConcluded": "NOASSERTION",
      "copyrightText": "NOASSERTION"
    },
    {
      "fileName": "./include/boost/iostreams/detail/streambuf/indirect_streambuf.hpp",
      "SPDXID": "SPDXRef-binary-file-80",
      "checksums": [
        {
          "algorithm": "SHA256",
          "checksumValue": "7245c2f464438f27076b5cf599d3f4752e9064c66c10cdd98632b91e27e4e34c"
        }
      ],
      "licenseConcluded": "NOASSERTION",
      "copyrightText": "NOASSERTION"
    },
    {
      "fileName": "./include/boost/iostreams/detail/streambuf/linked_streambuf.hpp",
      "SPDXID": "SPDXRef-binary-file-81",
      "checksums": [
        {
          "algorithm": "SHA256",
          "checksumValue": "a69ad9128e6080596169b4196fd49ff8f6e624b5acccc62816ecdc1372dbc02f"
        }
      ],
      "licenseConcluded": "NOASSERTION",
      "copyrightText": "NOASSERTION"
    },
    {
      "fileName": "./include/boost/iostreams/detail/streambuf.hpp",
      "SPDXID": "SPDXRef-binary-file-82",
      "checksums": [
        {
          "algorithm": "SHA256",
          "checksumValue": "a8dbd2bc516dc9d50bcec79e82a81ff306097435792dd7eeedd30d13c858d1e5"
        }
      ],
      "licenseConcluded": "NOASSERTION",
      "copyrightText": "NOASSERTION"
    },
    {
      "fileName": "./include/boost/iostreams/detail/system_failure.hpp",
      "SPDXID": "SPDXRef-binary-file-83",
      "checksums": [
        {
          "algorithm": "SHA256",
          "checksumValue": "637dd6d1e6c926fab6cc590931beddb22c9680072352f76199b4939d4c2a21c4"
        }
      ],
      "licenseConcluded": "NOASSERTION",
      "copyrightText": "NOASSERTION"
    },
    {
      "fileName": "./include/boost/iostreams/detail/template_params.hpp",
      "SPDXID": "SPDXRef-binary-file-84",
      "checksums": [
        {
          "algorithm": "SHA256",
          "checksumValue": "4c643253bf4e41d59889e75072cfaa9f64c50d6cec7a206c9ccd8acff5b2d452"
        }
      ],
      "licenseConcluded": "NOASSERTION",
      "copyrightText": "NOASSERTION"
    },
    {
      "fileName": "./include/boost/iostreams/detail/translate_int_type.hpp",
      "SPDXID": "SPDXRef-binary-file-85",
      "checksums": [
        {
          "algorithm": "SHA256",
          "checksumValue": "3c7618a526b3dd8d5ee2296cfbc7ae0c2f67b1ba7cd841ea74eb125b6e6c746a"
        }
      ],
      "licenseConcluded": "NOASSERTION",
      "copyrightText": "NOASSERTION"
    },
    {
      "fileName": "./include/boost/iostreams/detail/wrap_unwrap.hpp",
      "SPDXID": "SPDXRef-binary-file-86",
      "checksums": [
        {
          "algorithm": "SHA256",
          "checksumValue": "07080ea79a36c66d61e054822093b49beb68e60cf12b7f882684a7455eb15f40"
        }
      ],
      "licenseConcluded": "NOASSERTION",
      "copyrightText": "NOASSERTION"
    },
    {
      "fileName": "./include/boost/iostreams/device/array.hpp",
      "SPDXID": "SPDXRef-binary-file-87",
      "checksums": [
        {
          "algorithm": "SHA256",
          "checksumValue": "2d36d26890ca35163717b4b20f57b71da2a4eb3978bf211e53681db816c71dc7"
        }
      ],
      "licenseConcluded": "NOASSERTION",
      "copyrightText": "NOASSERTION"
    },
    {
      "fileName": "./include/boost/iostreams/device/back_inserter.hpp",
      "SPDXID": "SPDXRef-binary-file-88",
      "checksums": [
        {
          "algorithm": "SHA256",
          "checksumValue": "db59b67a5a2978a4448c2fe6373af6b19630f83534344cf9fe275c74b156dbf5"
        }
      ],
      "licenseConcluded": "NOASSERTION",
      "copyrightText": "NOASSERTION"
    },
    {
      "fileName": "./include/boost/iostreams/device/file.hpp",
      "SPDXID": "SPDXRef-binary-file-89",
      "checksums": [
        {
          "algorithm": "SHA256",
          "checksumValue": "b0a8b5a949ff0be16ccb78e7aa89a19b99de5e5b27bfbb11787b2bf06e1698eb"
        }
      ],
      "licenseConcluded": "NOASSERTION",
      "copyrightText": "NOASSERTION"
    },
    {
      "fileName": "./include/boost/iostreams/device/file_descriptor.hpp",
      "SPDXID": "SPDXRef-binary-file-90",
      "checksums": [
        {
          "algorithm": "SHA256",
          "checksumValue": "07fd1d64fb60c47c96db65dbd8b28d3f01ac2ee5a284ed48b2122a3dd3a27367"
        }
      ],
      "licenseConcluded": "NOASSERTION",
      "copyrightText": "NOASSERTION"
    },
    {
      "fileName": "./include/boost/iostreams/device/mapped_file.hpp",
      "SPDXID": "SPDXRef-binary-file-91",
      "checksums": [
        {
          "algorithm": "SHA256",
          "checksumValue": "01245dbceb616fcbfa8bc62b0402e38a7201050ad2b80809880354f7f1bb3a30"
        }
      ],
      "licenseConcluded": "NOASSERTION",
      "copyrightText": "NOASSERTION"
    },
    {
      "fileName": "./include/boost/iostreams/device/null.hpp",
      "SPDXID": "SPDXRef-binary-file-92",
      "checksums": [
        {
          "algorithm": "SHA256",
          "checksumValue": "fd8f621e152aadb5a0221d6db25ac378424128e8bbd2fb8617ef59a74d642dbf"
        }
      ],
      "licenseConcluded": "NOASSERTION",
      "copyrightText": "NOASSERTION"
    },
    {
      "fileName": "./include/boost/iostreams/filter/aggregate.hpp",
      "SPDXID": "SPDXRef-binary-file-93",
      "checksums": [
        {
          "algorithm": "SHA256",
          "checksumValue": "7155db1096a1c7c197a219a171ad87c0e3a8d6559a15c1e91a73ddd24333c977"
        }
      ],
      "licenseConcluded": "NOASSERTION",
      "copyrightText": "NOASSERTION"
    },
    {
      "fileName": "./include/boost/iostreams/filter/bzip2.hpp",
      "SPDXID": "SPDXRef-binary-file-94",
      "checksums": [
        {
          "algorithm": "SHA256",
          "checksumValue": "a6ac903ffcff64e25d8830a49a6705462d965ba3699918228702dacc108ad9c8"
        }
      ],
      "licenseConcluded": "NOASSERTION",
      "copyrightText": "NOASSERTION"
    },
    {
      "fileName": "./include/boost/iostreams/filter/counter.hpp",
      "SPDXID": "SPDXRef-binary-file-95",
      "checksums": [
        {
          "algorithm": "SHA256",
          "checksumValue": "97a29f48468b7b1ac14fc3f65761dbe7c8a1f3af455f30ae291c545737716305"
        }
      ],
      "licenseConcluded": "NOASSERTION",
      "copyrightText": "NOASSERTION"
    },
    {
      "fileName": "./include/boost/iostreams/filter/grep.hpp",
      "SPDXID": "SPDXRef-binary-file-96",
      "checksums": [
        {
          "algorithm": "SHA256",
          "checksumValue": "8b571b9091c8cd93e63ef17e031859549d254ab73ed83c6dcec83cac43828850"
        }
      ],
      "licenseConcluded": "NOASSERTION",
      "copyrightText": "NOASSERTION"
    },
    {
      "fileName": "./include/boost/iostreams/filter/gzip.hpp",
      "SPDXID": "SPDXRef-binary-file-97",
      "checksums": [
        {
          "algorithm": "SHA256",
          "checksumValue": "fa393f267e2438c659407f76bd46fae0cecc1fca38013d40a6406d7419220850"
        }
      ],
      "licenseConcluded": "NOASSERTION",
      "copyrightText": "NOASSERTION"
    },
    {
      "fileName": "./include/boost/iostreams/filter/line.hpp",
      "SPDXID": "SPDXRef-binary-file-98",
      "checksums": [
        {
          "algorithm": "SHA256",
          "checksumValue": "8a00e3c7973d8b659d4da041716cb3c6de9062b0ff0f4ea75df57a82c3edc2ba"
        }
      ],
      "licenseConcluded": "NOASSERTION",
      "copyrightText": "NOASSERTION"
    },
    {
      "fileName": "./include/boost/iostreams/filter/lzma.hpp",
      "SPDXID": "SPDXRef-binary-file-99",
      "checksums": [
        {
          "algorithm": "SHA256",
          "checksumValue": "055de07544f705f886037782356c72811a8a8e9ba13da060b23a867cf0b5cc71"
        }
      ],
      "licenseConcluded": "NOASSERTION",
      "copyrightText": "NOASSERTION"
    },
    {
      "fileName": "./include/boost/iostreams/filter/newline.hpp",
      "SPDXID": "SPDXRef-binary-file-100",
      "checksums": [
        {
          "algorithm": "SHA256",
          "checksumValue": "03fe2fc6e065c590dfab4c0c1e635d4a64769d635e54158a375723cb9530c773"
        }
      ],
      "licenseConcluded": "NOASSERTION",
      "copyrightText": "NOASSERTION"
    },
    {
      "fileName": "./include/boost/iostreams/filter/regex.hpp",
      "SPDXID": "SPDXRef-binary-file-101",
      "checksums": [
        {
          "algorithm": "SHA256",
          "checksumValue": "1970c7ae7ee41b71de6e64655c63187d5bdbb027e283ec0e0c3c56c1d9faaa1b"
        }
      ],
      "licenseConcluded": "NOASSERTION",
      "copyrightText": "NOASSERTION"
    },
    {
      "fileName": "./include/boost/iostreams/filter/stdio.hpp",
      "SPDXID": "SPDXRef-binary-file-102",
      "checksums": [
        {
          "algorithm": "SHA256",
          "checksumValue": "7c8b36fdfd5593b623933fd508bab999f59d56e4ab0280c67582baf1cbf9afe8"
        }
      ],
      "licenseConcluded": "NOASSERTION",
      "copyrightText": "NOASSERTION"
    },
    {
      "fileName": "./include/boost/iostreams/filter/symmetric.hpp",
      "SPDXID": "SPDXRef-binary-file-103",
      "checksums": [
        {
          "algorithm": "SHA256",
          "checksumValue": "c9f0da0b059785a4cfac87ce077b2739350a5318f30dd19b416d095d528829d7"
        }
      ],
      "licenseConcluded": "NOASSERTION",
      "copyrightText": "NOASSERTION"
    },
    {
      "fileName": "./include/boost/iostreams/filter/test.hpp",
      "SPDXID": "SPDXRef-binary-file-104",
      "checksums": [
        {
          "algorithm": "SHA256",
          "checksumValue": "e979beec9c7c8a0a37642f4bf4e907efff3fa86c332114e173032798f8ee6058"
        }
      ],
      "licenseConcluded": "NOASSERTION",
      "copyrightText": "NOASSERTION"
    },
    {
      "fileName": "./include/boost/iostreams/filter/zlib.hpp",
      "SPDXID": "SPDXRef-binary-file-105",
      "checksums": [
        {
          "algorithm": "SHA256",
          "checksumValue": "1c52d543b63405d31744f0937c7503d653c1285496d046e27922e16bfd05c186"
        }
      ],
      "licenseConcluded": "NOASSERTION",
      "copyrightText": "NOASSERTION"
    },
    {
      "fileName": "./include/boost/iostreams/filter/zstd.hpp",
      "SPDXID": "SPDXRef-binary-file-106",
      "checksums": [
        {
          "algorithm": "SHA256",
          "checksumValue": "0fd64a51bbe9d46a4430d7810d744d178ac6988ef94d221a65426136557d0795"
        }
      ],
      "licenseConcluded": "NOASSERTION",
      "copyrightText": "NOASSERTION"
    },
    {
      "fileName": "./include/boost/iostreams/filtering_stream.hpp",
      "SPDXID": "SPDXRef-binary-file-107",
      "checksums": [
        {
          "algorithm": "SHA256",
          "checksumValue": "0c8e6d354f5249c23e3b405382bbfda095fafc79f27dd96b4f8e30898e8777bd"
        }
      ],
      "licenseConcluded": "NOASSERTION",
      "copyrightText": "NOASSERTION"
    },
    {
      "fileName": "./include/boost/iostreams/filtering_streambuf.hpp",
      "SPDXID": "SPDXRef-binary-file-108",
      "checksums": [
        {
          "algorithm": "SHA256",
          "checksumValue": "c70142bf21113c6362e1b317852f890be6f4fa0afc590cfc911e22779502b19c"
        }
      ],
      "licenseConcluded": "NOASSERTION",
      "copyrightText": "NOASSERTION"
    },
    {
      "fileName": "./include/boost/iostreams/flush.hpp",
      "SPDXID": "SPDXRef-binary-file-109",
      "checksums": [
        {
          "algorithm": "SHA256",
          "checksumValue": "58717f97758ccfc4949165e431539e705219ec0983a6652844b61aa5428524cd"
        }
      ],
      "licenseConcluded": "NOASSERTION",
      "copyrightText": "NOASSERTION"
    },
    {
      "fileName": "./include/boost/iostreams/get.hpp",
      "SPDXID": "SPDXRef-binary-file-110",
      "checksums": [
        {
          "algorithm": "SHA256",
          "checksumValue": "9abb9325d22364b81a01b0655685ab1233bde34f6e8d530119242a9058de4b61"
        }
      ],
      "licenseConcluded": "NOASSERTION",
      "copyrightText": "NOASSERTION"
    },
    {
      "fileName": "./include/boost/iostreams/imbue.hpp",
      "SPDXID": "SPDXRef-binary-file-111",
      "checksums": [
        {
          "algorithm": "SHA256",
          "checksumValue": "d27e326a7bf47e4b05eb4065cd5b16d667cbfd7fea6cab0746b0ee0583011fc5"
        }
      ],
      "licenseConcluded": "NOASSERTION",
      "copyrightText": "NOASSERTION"
    },
    {
      "fileName": "./include/boost/iostreams/input_sequence.hpp",
      "SPDXID": "SPDXRef-binary-file-112",
      "checksums": [
        {
          "algorithm": "SHA256",
          "checksumValue": "3ca647f033052259a6c6b0ef4855cfa9b87470fcd3ebc1278dfe4f45ec640e30"
        }
      ],
      "licenseConcluded": "NOASSERTION",
      "copyrightText": "NOASSERTION"
    },
    {
      "fileName": "./include/boost/iostreams/invert.hpp",
      "SPDXID": "SPDXRef-binary-file-113",
      "checksums": [
        {
          "algorithm": "SHA256",
          "checksumValue": "112a02260e707b35bcf10a62cb7a25443a3ea864d70592ccf833c2d95a2d3541"
        }
      ],
      "licenseConcluded": "NOASSERTION",
      "copyrightText": "NOASSERTION"
    },
    {
      "fileName": "./include/boost/iostreams/operations.hpp",
      "SPDXID": "SPDXRef-binary-file-114",
      "checksums": [
        {
          "algorithm": "SHA256",
          "checksumValue": "a39fa567951a9b76a514d6806eda2ac01efce2a406bc9b90c5b46732919024f0"
        }
      ],
      "licenseConcluded": "NOASSERTION",
      "copyrightText": "NOASSERTION"
    },
    {
      "fileName": "./include/boost/iostreams/operations_fwd.hpp",
      "SPDXID": "SPDXRef-binary-file-115",
      "checksums": [
        {
          "algorithm": "SHA256",
          "checksumValue": "ec574a79585a239daf86f1e787f17b5fd6bd8667db540417f0bfc1c7c0d3c456"
        }
      ],
      "licenseConcluded": "NOASSERTION",
      "copyrightText": "NOASSERTION"
    },
    {
      "fileName": "./include/boost/iostreams/optimal_buffer_size.hpp",
      "SPDXID": "SPDXRef-binary-file-116",
      "checksums": [
        {
          "algorithm": "SHA256",
          "checksumValue": "18df857d36c2c0e9291c34479eb8c9ac06d07de19f4ac1900101bd96f51ffa67"
        }
      ],
      "licenseConcluded": "NOASSERTION",
      "copyrightText": "NOASSERTION"
    },
    {
      "fileName": "./include/boost/iostreams/output_sequence.hpp",
      "SPDXID": "SPDXRef-binary-file-117",
      "checksums": [
        {
          "algorithm": "SHA256",
          "checksumValue": "5d8c6ef6212ed4124995e86d0e73ce792d14bcdb394157cfdffefcacbdbd2f50"
        }
      ],
      "licenseConcluded": "NOASSERTION",
      "copyrightText": "NOASSERTION"
    },
    {
      "fileName": "./include/boost/iostreams/pipeline.hpp",
      "SPDXID": "SPDXRef-binary-file-118",
      "checksums": [
        {
          "algorithm": "SHA256",
          "checksumValue": "0458aba7f196c43e835f3bc9b451f3bc3c0bafa8d40cb351aacb1b82e50bb418"
        }
      ],
      "licenseConcluded": "NOASSERTION",
      "copyrightText": "NOASSERTION"
    },
    {
      "fileName": "./include/boost/iostreams/positioning.hpp",
      "SPDXID": "SPDXRef-binary-file-119",
      "checksums": [
        {
          "algorithm": "SHA256",
          "checksumValue": "cae22e0ef03a96fb039362991ec4b94ce812a685b839906a938c3485b1dcf88b"
        }
      ],
      "licenseConcluded": "NOASSERTION",
      "copyrightText": "NOASSERTION"
    },
    {
      "fileName": "./include/boost/iostreams/put.hpp",
      "SPDXID": "SPDXRef-binary-file-120",
      "checksums": [
        {
          "algorithm": "SHA256",
          "checksumValue": "906be5aa42546157a8d6b0f8b3ff77c0ba6afb4bd3479f02b6df7fa4044dd167"
        }
      ],
      "licenseConcluded": "NOASSERTION",
      "copyrightText": "NOASSERTION"
    },
    {
      "fileName": "./include/boost/iostreams/putback.hpp",
      "SPDXID": "SPDXRef-binary-file-121",
      "checksums": [
        {
          "algorithm": "SHA256",
          "checksumValue": "ea1b730a9a9fc30943cdbac785dd6f65a59ddd9780740f02a6ec538aed6aab78"
        }
      ],
      "licenseConcluded": "NOASSERTION",
      "copyrightText": "NOASSERTION"
    },
    {
      "fileName": "./include/boost/iostreams/read.hpp",
      "SPDXID": "SPDXRef-binary-file-122",
      "checksums": [
        {
          "algorithm": "SHA256",
          "checksumValue": "0c8c31635c650505187642198367551696480582f6a45ab615b546ee12f124a8"
        }
      ],
      "licenseConcluded": "NOASSERTION",
      "copyrightText": "NOASSERTION"
    },
    {
      "fileName": "./include/boost/iostreams/restrict.hpp",
      "SPDXID": "SPDXRef-binary-file-123",
      "checksums": [
        {
          "algorithm": "SHA256",
          "checksumValue": "f73892726ee32eb9a0d820cc03422176cde50a55bf22738a24853f21126eda94"
        }
      ],
      "licenseConcluded": "NOASSERTION",
      "copyrightText": "NOASSERTION"
    },
    {
      "fileName": "./include/boost/iostreams/seek.hpp",
      "SPDXID": "SPDXRef-binary-file-124",
      "checksums": [
        {
          "algorithm": "SHA256",
          "checksumValue": "035ec0dd114b65a25b91bb8f00d4b936d7d1b521be62e886dbf1f6fde5e64651"
        }
      ],
      "licenseConcluded": "NOASSERTION",
      "copyrightText": "NOASSERTION"
    },
    {
      "fileName": "./include/boost/iostreams/skip.hpp",
      "SPDXID": "SPDXRef-binary-file-125",
      "checksums": [
        {
          "algorithm": "SHA256",
          "checksumValue": "97498ae2b20888eb96e038d1c22dd5f833ee3bc316d262a26f405ba26278a347"
        }
      ],
      "licenseConcluded": "NOASSERTION",
      "copyrightText": "NOASSERTION"
    },
    {
      "fileName": "./include/boost/iostreams/slice.hpp",
      "SPDXID": "SPDXRef-binary-file-126",
      "checksums": [
        {
          "algorithm": "SHA256",
          "checksumValue": "31577f709aa2b0b281c4e9d45dd76118a0ecb5d110cc89ec61f098b28ba16380"
        }
      ],
      "licenseConcluded": "NOASSERTION",
      "copyrightText": "NOASSERTION"
    },
    {
      "fileName": "./include/boost/iostreams/stream.hpp",
      "SPDXID": "SPDXRef-binary-file-127",
      "checksums": [
        {
          "algorithm": "SHA256",
          "checksumValue": "45ca0f459248f6adcf4ae0514baaaf937817cdd10a87ec1f607179e3e031971c"
        }
      ],
      "licenseConcluded": "NOASSERTION",
      "copyrightText": "NOASSERTION"
    },
    {
      "fileName": "./include/boost/iostreams/stream_buffer.hpp",
      "SPDXID": "SPDXRef-binary-file-128",
      "checksums": [
        {
          "algorithm": "SHA256",
          "checksumValue": "f1191190a284a284a68b3b33360bad2cc80b053cffaf3d18289da80042704429"
        }
      ],
      "licenseConcluded": "NOASSERTION",
      "copyrightText": "NOASSERTION"
    },
    {
      "fileName": "./include/boost/iostreams/tee.hpp",
      "SPDXID": "SPDXRef-binary-file-129",
      "checksums": [
        {
          "algorithm": "SHA256",
          "checksumValue": "e0de3730092e5e0012970fd9adf0dc4f4bec92ad977b2112664ae0cc37e03e16"
        }
      ],
      "licenseConcluded": "NOASSERTION",
      "copyrightText": "NOASSERTION"
    },
    {
      "fileName": "./include/boost/iostreams/traits.hpp",
      "SPDXID": "SPDXRef-binary-file-130",
      "checksums": [
        {
          "algorithm": "SHA256",
          "checksumValue": "5afd6d8d23b4e90c0da65579261fd15d8d7828fa788e46045225f698628737d7"
        }
      ],
      "licenseConcluded": "NOASSERTION",
      "copyrightText": "NOASSERTION"
    },
    {
      "fileName": "./include/boost/iostreams/traits_fwd.hpp",
      "SPDXID": "SPDXRef-binary-file-131",
      "checksums": [
        {
          "algorithm": "SHA256",
          "checksumValue": "74d14df988ee46a175eeefe72bf22785077f4b04ae909ef062ca76e0ca6e7135"
        }
      ],
      "licenseConcluded": "NOASSERTION",
      "copyrightText": "NOASSERTION"
    },
    {
      "fileName": "./include/boost/iostreams/write.hpp",
      "SPDXID": "SPDXRef-binary-file-132",
      "checksums": [
        {
          "algorithm": "SHA256",
          "checksumValue": "fb34fbfad477d1541c1ecaa00b0ec959152a764636a3619a10474b763c4a0ce1"
        }
      ],
      "licenseConcluded": "NOASSERTION",
      "copyrightText": "NOASSERTION"
    },
    {
      "fileName": "./lib/boost_iostreams-vc143-mt-x64-1_88.lib",
      "SPDXID": "SPDXRef-binary-file-133",
      "checksums": [
        {
          "algorithm": "SHA256",
          "checksumValue": "fa986e4f61bcdfc5785f3c0977255afadca2ce06390242a289cecdea2564e66e"
        }
      ],
      "licenseConcluded": "NOASSERTION",
      "copyrightText": "NOASSERTION"
    },
    {
      "fileName": "./share/boost-iostreams/copyright",
      "SPDXID": "SPDXRef-binary-file-134",
      "checksums": [
        {
          "algorithm": "SHA256",
          "checksumValue": "c9bff75738922193e67fa726fa225535870d2aa1059f91452c411736284ad566"
        }
      ],
      "licenseConcluded": "NOASSERTION",
      "copyrightText": "NOASSERTION"
    },
    {
      "fileName": "./share/boost_iostreams/boost_iostreams-config-version.cmake",
      "SPDXID": "SPDXRef-binary-file-135",
      "checksums": [
        {
          "algorithm": "SHA256",
          "checksumValue": "461512588fe61141a43c6d129f9cf3a04927e5a01c7980a86935f41392e9db82"
        }
      ],
      "licenseConcluded": "NOASSERTION",
      "copyrightText": "NOASSERTION"
    },
    {
      "fileName": "./share/boost_iostreams/boost_iostreams-config.cmake",
      "SPDXID": "SPDXRef-binary-file-136",
      "checksums": [
        {
          "algorithm": "SHA256",
          "checksumValue": "ab0ff3d5b5f41c6fbfaf3c5c3f5380c4fffcd40865c1c4a04360fa70b8c282ef"
        }
      ],
      "licenseConcluded": "NOASSERTION",
      "copyrightText": "NOASSERTION"
    },
    {
      "fileName": "./share/boost_iostreams/boost_iostreams-targets-debug.cmake",
      "SPDXID": "SPDXRef-binary-file-137",
      "checksums": [
        {
          "algorithm": "SHA256",
          "checksumValue": "7584b1aceb0b26d1eb89d5b4fa8c630e86546790c6860447ed543465a837fa32"
        }
      ],
      "licenseConcluded": "NOASSERTION",
      "copyrightText": "NOASSERTION"
    },
    {
      "fileName": "./share/boost_iostreams/boost_iostreams-targets-release.cmake",
      "SPDXID": "SPDXRef-binary-file-138",
      "checksums": [
        {
          "algorithm": "SHA256",
          "checksumValue": "e2d676266ccc26ea700f640f9b3a4fa42ef45c96876751b40369ad36ddeb5e82"
        }
      ],
      "licenseConcluded": "NOASSERTION",
      "copyrightText": "NOASSERTION"
    },
    {
      "fileName": "./share/boost_iostreams/boost_iostreams-targets.cmake",
      "SPDXID": "SPDXRef-binary-file-139",
      "checksums": [
        {
          "algorithm": "SHA256",
          "checksumValue": "cbe6b1e46ea26cb19f09e21182ecf92665fe5837611e9db0deab218bf2ad638d"
        }
      ],
      "licenseConcluded": "NOASSERTION",
      "copyrightText": "NOASSERTION"
    }
  ]
}
