{
  "$schema": "https://raw.githubusercontent.com/spdx/spdx-spec/v2.2.1/schemas/spdx-schema.json",
  "spdxVersion": "SPDX-2.2",
  "dataLicense": "CC0-1.0",
  "SPDXID": "SPDXRef-DOCUMENT",
  "documentNamespace": "https://spdx.org/spdxdocs/vcpkg-tool-meson-x64-windows-1.9.0-29676e3f-abb4-47b1-bd25-f99b706bea8e",
  "name": "vcpkg-tool-meson:x64-windows@1.9.0 f66624d7c59d7f4958d7e9cff5ae1f37df5ccbe811fa1c0d8d4128ee37f0e943",
  "creationInfo": {
    "creators": [
      "Tool: vcpkg-2025-09-03-4580816534ed8fd9634ac83d46471440edd82dfe"
    ],
    "created": "2025-11-04T21:53:33Z"
  },
  "relationships": [
    {
      "spdxElementId": "SPDXRef-port",
      "relationshipType": "GENERATES",
      "relatedSpdxElement": "SPDXRef-binary"
    },
    {
      "spdxElementId": "SPDXRef-port",
      "relationshipType": "CONTAINS",
      "relatedSpdxElement": "SPDXRef-port-file-0"
    },
    {
      "spdxElementId": "SPDXRef-port",
      "relationshipType": "CONTAINS",
      "relatedSpdxElement": "SPDXRef-port-file-1"
    },
    {
      "spdxElementId": "SPDXRef-port",
      "relationshipType": "CONTAINS",
      "relatedSpdxElement": "SPDXRef-port-file-2"
    },
    {
      "spdxElementId": "SPDXRef-port",
      "relationshipType": "CONTAINS",
      "relatedSpdxElement": "SPDXRef-port-file-3"
    },
    {
      "spdxElementId": "SPDXRef-port",
      "relationshipType": "CONTAINS",
      "relatedSpdxElement": "SPDXRef-port-file-4"
    },
    {
      "spdxElementId": "SPDXRef-port",
      "relationshipType": "CONTAINS",
      "relatedSpdxElement": "SPDXRef-port-file-5"
    },
    {
      "spdxElementId": "SPDXRef-port",
      "relationshipType": "CONTAINS",
      "relatedSpdxElement": "SPDXRef-port-file-6"
    },
    {
      "spdxElementId": "SPDXRef-port",
      "relationshipType": "CONTAINS",
      "relatedSpdxElement": "SPDXRef-port-file-7"
    },
    {
      "spdxElementId": "SPDXRef-port",
      "relationshipType": "CONTAINS",
      "relatedSpdxElement": "SPDXRef-port-file-8"
    },
    {
      "spdxElementId": "SPDXRef-port",
      "relationshipType": "CONTAINS",
      "relatedSpdxElement": "SPDXRef-port-file-9"
    },
    {
      "spdxElementId": "SPDXRef-port-file-9",
      "relationshipType": "DEPENDENCY_MANIFEST_OF",
      "relatedSpdxElement": "SPDXRef-port"
    },
    {
      "spdxElementId": "SPDXRef-port",
      "relationshipType": "CONTAINS",
      "relatedSpdxElement": "SPDXRef-port-file-10"
    },
    {
      "spdxElementId": "SPDXRef-port",
      "relationshipType": "CONTAINS",
      "relatedSpdxElement": "SPDXRef-port-file-11"
    },
    {
      "spdxElementId": "SPDXRef-binary",
      "relationshipType": "CONTAINS",
      "relatedSpdxElement": "SPDXRef-binary-file-0"
    },
    {
      "spdxElementId": "SPDXRef-binary",
      "relationshipType": "CONTAINS",
      "relatedSpdxElement": "SPDXRef-binary-file-1"
    },
    {
      "spdxElementId": "SPDXRef-binary",
      "relationshipType": "CONTAINS",
      "relatedSpdxElement": "SPDXRef-binary-file-2"
    },
    {
      "spdxElementId": "SPDXRef-binary",
      "relationshipType": "CONTAINS",
      "relatedSpdxElement": "SPDXRef-binary-file-3"
    },
    {
      "spdxElementId": "SPDXRef-binary",
      "relationshipType": "CONTAINS",
      "relatedSpdxElement": "SPDXRef-binary-file-4"
    },
    {
      "spdxElementId": "SPDXRef-binary",
      "relationshipType": "CONTAINS",
      "relatedSpdxElement": "SPDXRef-binary-file-5"
    },
    {
      "spdxElementId": "SPDXRef-binary",
      "relationshipType": "CONTAINS",
      "relatedSpdxElement": "SPDXRef-binary-file-6"
    },
    {
      "spdxElementId": "SPDXRef-binary",
      "relationshipType": "CONTAINS",
      "relatedSpdxElement": "SPDXRef-binary-file-7"
    },
    {
      "spdxElementId": "SPDXRef-binary",
      "relationshipType": "CONTAINS",
      "relatedSpdxElement": "SPDXRef-binary-file-8"
    },
    {
      "spdxElementId": "SPDXRef-binary",
      "relationshipType": "CONTAINS",
      "relatedSpdxElement": "SPDXRef-binary-file-9"
    },
    {
      "spdxElementId": "SPDXRef-binary",
      "relationshipType": "CONTAINS",
      "relatedSpdxElement": "SPDXRef-binary-file-10"
    }
  ],
  "packages": [
    {
      "name": "vcpkg-tool-meson",
      "SPDXID": "SPDXRef-port",
      "versionInfo": "1.9.0",
      "downloadLocation": "git+https://github.com/Microsoft/vcpkg#ports/vcpkg-tool-meson",
      "homepage": "https://github.com/mesonbuild/meson",
      "licenseConcluded": "Apache-2.0",
      "licenseDeclared": "NOASSERTION",
      "copyrightText": "NOASSERTION",
      "description": "Meson build system",
      "comment": "This is the port (recipe) consumed by vcpkg."
    },
    {
      "name": "vcpkg-tool-meson:x64-windows",
      "SPDXID": "SPDXRef-binary",
      "versionInfo": "f66624d7c59d7f4958d7e9cff5ae1f37df5ccbe811fa1c0d8d4128ee37f0e943",
      "downloadLocation": "NONE",
      "licenseConcluded": "Apache-2.0",
      "licenseDeclared": "NOASSERTION",
      "copyrightText": "NOASSERTION",
      "comment": "This is a binary package built by vcpkg."
    },
    {
      "SPDXID": "SPDXRef-resource-0",
      "name": "${download_filename}",
      "packageFileName": "${download_filename}",
      "downloadLocation": "${download_urls}",
      "licenseConcluded": "NOASSERTION",
      "licenseDeclared": "NOASSERTION",
      "copyrightText": "NOASSERTION",
      "checksums": [
        {
          "algorithm": "SHA512",
          "checksumValue": "${download_sha512}"
        }
      ]
    }
  ],
  "files": [
    {
      "fileName": "./adjust-args.patch",
      "SPDXID": "SPDXRef-port-file-0",
      "checksums": [
        {
          "algorithm": "SHA256",
          "checksumValue": "e5c08f37fce7aadd4f6f6ee1994508f0255004df9811ccadfd8c533c684d93bc"
        }
      ],
      "licenseConcluded": "NOASSERTION",
      "copyrightText": "NOASSERTION"
    },
    {
      "fileName": "./adjust-python-dep.patch",
      "SPDXID": "SPDXRef-port-file-1",
      "checksums": [
        {
          "algorithm": "SHA256",
          "checksumValue": "b334a262ff9687da0d39a7b1aceda866db9fe9229964263939f37edcb2006bc7"
        }
      ],
      "licenseConcluded": "NOASSERTION",
      "copyrightText": "NOASSERTION"
    },
    {
      "fileName": "./install.cmake",
      "SPDXID": "SPDXRef-port-file-2",
      "checksums": [
        {
          "algorithm": "SHA256",
          "checksumValue": "f7f6e1bc2c4573d60db625ea9cd7d68b90d20856402cfde7edacfa7dbd99d338"
        }
      ],
      "licenseConcluded": "NOASSERTION",
      "copyrightText": "NOASSERTION"
    },
    {
      "fileName": "./meson-56879d5.diff",
      "SPDXID": "SPDXRef-port-file-3",
      "checksums": [
        {
          "algorithm": "SHA256",
          "checksumValue": "3eb1a8a98855991f653708211ae9acf7515a3cca6b7022bed8761bcde75d8d43"
        }
      ],
      "licenseConcluded": "NOASSERTION",
      "copyrightText": "NOASSERTION"
    },
    {
      "fileName": "./meson-intl.patch",
      "SPDXID": "SPDXRef-port-file-4",
      "checksums": [
        {
          "algorithm": "SHA256",
          "checksumValue": "f4a9ef5f1f25ba8a496aa5379cda5c20562500ba237af38eba687d0c37bc37cd"
        }
      ],
      "licenseConcluded": "NOASSERTION",
      "copyrightText": "NOASSERTION"
    },
    {
      "fileName": "./meson.template.in",
      "SPDXID": "SPDXRef-port-file-5",
      "checksums": [
        {
          "algorithm": "SHA256",
          "checksumValue": "8d48025a72e03c52058c43964b436a837e83a35be5f569111f0686d8dc53a495"
        }
      ],
      "licenseConcluded": "NOASSERTION",
      "copyrightText": "NOASSERTION"
    },
    {
      "fileName": "./portfile.cmake",
      "SPDXID": "SPDXRef-port-file-6",
      "checksums": [
        {
          "algorithm": "SHA256",
          "checksumValue": "5d3b31886762f711434b9aca9fb680d7b76e9d78a9ab0669dc1f31f9c88dd451"
        }
      ],
      "licenseConcluded": "NOASSERTION",
      "copyrightText": "NOASSERTION"
    },
    {
      "fileName": "./remove-pkgconfig-specialization.patch",
      "SPDXID": "SPDXRef-port-file-7",
      "checksums": [
        {
          "algorithm": "SHA256",
          "checksumValue": "5c6c35933b64c0ce18537e14cdb4773b3a873d0a80b739ff6caac1665c8d086b"
        }
      ],
      "licenseConcluded": "NOASSERTION",
      "copyrightText": "NOASSERTION"
    },
    {
      "fileName": "./vcpkg-port-config.cmake",
      "SPDXID": "SPDXRef-port-file-8",
      "checksums": [
        {
          "algorithm": "SHA256",
          "checksumValue": "0bc4b19d6861879c42fbeb1e239ed4497f754ea4c119473f13fb9c1c3b129510"
        }
      ],
      "licenseConcluded": "NOASSERTION",
      "copyrightText": "NOASSERTION"
    },
    {
      "fileName": "./vcpkg.json",
      "SPDXID": "SPDXRef-port-file-9",
      "checksums": [
        {
          "algorithm": "SHA256",
          "checksumValue": "38b415a2b381e85c015ec241b3b11928280b72a66b3ff33f1a75e4ce25363366"
        }
      ],
      "licenseConcluded": "NOASSERTION",
      "copyrightText": "NOASSERTION"
    },
    {
      "fileName": "./vcpkg_configure_meson.cmake",
      "SPDXID": "SPDXRef-port-file-10",
      "checksums": [
        {
          "algorithm": "SHA256",
          "checksumValue": "a30278bc5be8f8bd18cddb241eede6ad2eb43be1093695fc9875a84cdb91c86e"
        }
      ],
      "licenseConcluded": "NOASSERTION",
      "copyrightText": "NOASSERTION"
    },
    {
      "fileName": "./vcpkg_install_meson.cmake",
      "SPDXID": "SPDXRef-port-file-11",
      "checksums": [
        {
          "algorithm": "SHA256",
          "checksumValue": "cc77e0248f5e935134c9061e5d424bc6533b561eeeac6f72d1788837cd5d0384"
        }
      ],
      "licenseConcluded": "NOASSERTION",
      "copyrightText": "NOASSERTION"
    },
    {
      "fileName": "./BUILD_INFO",
      "SPDXID": "SPDXRef-binary-file-0",
      "checksums": [
        {
          "algorithm": "SHA256",
          "checksumValue": "658d5b20f5215ff07e3df992736863b70b1549e3eb66e1d2190b7d73c6ba41b8"
        }
      ],
      "licenseConcluded": "NOASSERTION",
      "copyrightText": "NOASSERTION"
    },
    {
      "fileName": "./share/vcpkg-tool-meson/adjust-args.patch",
      "SPDXID": "SPDXRef-binary-file-1",
      "checksums": [
        {
          "algorithm": "SHA256",
          "checksumValue": "e5c08f37fce7aadd4f6f6ee1994508f0255004df9811ccadfd8c533c684d93bc"
        }
      ],
      "licenseConcluded": "NOASSERTION",
      "copyrightText": "NOASSERTION"
    },
    {
      "fileName": "./share/vcpkg-tool-meson/adjust-python-dep.patch",
      "SPDXID": "SPDXRef-binary-file-2",
      "checksums": [
        {
          "algorithm": "SHA256",
          "checksumValue": "b334a262ff9687da0d39a7b1aceda866db9fe9229964263939f37edcb2006bc7"
        }
      ],
      "licenseConcluded": "NOASSERTION",
      "copyrightText": "NOASSERTION"
    },
    {
      "fileName": "./share/vcpkg-tool-meson/copyright",
      "SPDXID": "SPDXRef-binary-file-3",
      "checksums": [
        {
          "algorithm": "SHA256",
          "checksumValue": "1ee376fc340e0aa6ad6a3581c94126e741468705096ac92263048a21daa86460"
        }
      ],
      "licenseConcluded": "NOASSERTION",
      "copyrightText": "NOASSERTION"
    },
    {
      "fileName": "./share/vcpkg-tool-meson/meson-56879d5.diff",
      "SPDXID": "SPDXRef-binary-file-4",
      "checksums": [
        {
          "algorithm": "SHA256",
          "checksumValue": "3eb1a8a98855991f653708211ae9acf7515a3cca6b7022bed8761bcde75d8d43"
        }
      ],
      "licenseConcluded": "NOASSERTION",
      "copyrightText": "NOASSERTION"
    },
    {
      "fileName": "./share/vcpkg-tool-meson/meson-intl.patch",
      "SPDXID": "SPDXRef-binary-file-5",
      "checksums": [
        {
          "algorithm": "SHA256",
          "checksumValue": "f4a9ef5f1f25ba8a496aa5379cda5c20562500ba237af38eba687d0c37bc37cd"
        }
      ],
      "licenseConcluded": "NOASSERTION",
      "copyrightText": "NOASSERTION"
    },
    {
      "fileName": "./share/vcpkg-tool-meson/meson.template.in",
      "SPDXID": "SPDXRef-binary-file-6",
      "checksums": [
        {
          "algorithm": "SHA256",
          "checksumValue": "8d48025a72e03c52058c43964b436a837e83a35be5f569111f0686d8dc53a495"
        }
      ],
      "licenseConcluded": "NOASSERTION",
      "copyrightText": "NOASSERTION"
    },
    {
      "fileName": "./share/vcpkg-tool-meson/remove-pkgconfig-specialization.patch",
      "SPDXID": "SPDXRef-binary-file-7",
      "checksums": [
        {
          "algorithm": "SHA256",
          "checksumValue": "5c6c35933b64c0ce18537e14cdb4773b3a873d0a80b739ff6caac1665c8d086b"
        }
      ],
      "licenseConcluded": "NOASSERTION",
      "copyrightText": "NOASSERTION"
    },
    {
      "fileName": "./share/vcpkg-tool-meson/vcpkg-port-config.cmake",
      "SPDXID": "SPDXRef-binary-file-8",
      "checksums": [
        {
          "algorithm": "SHA256",
          "checksumValue": "d2f24d6bf232eda28d6521746e1a6075b06e6469f9e382b5db42cb14e624b2f7"
        }
      ],
      "licenseConcluded": "NOASSERTION",
      "copyrightText": "NOASSERTION"
    },
    {
      "fileName": "./share/vcpkg-tool-meson/vcpkg_configure_meson.cmake",
      "SPDXID": "SPDXRef-binary-file-9",
      "checksums": [
        {
          "algorithm": "SHA256",
          "checksumValue": "a30278bc5be8f8bd18cddb241eede6ad2eb43be1093695fc9875a84cdb91c86e"
        }
      ],
      "licenseConcluded": "NOASSERTION",
      "copyrightText": "NOASSERTION"
    },
    {
      "fileName": "./share/vcpkg-tool-meson/vcpkg_install_meson.cmake",
      "SPDXID": "SPDXRef-binary-file-10",
      "checksums": [
        {
          "algorithm": "SHA256",
          "checksumValue": "cc77e0248f5e935134c9061e5d424bc6533b561eeeac6f72d1788837cd5d0384"
        }
      ],
      "licenseConcluded": "NOASSERTION",
      "copyrightText": "NOASSERTION"
    }
  ]
}
