{
  "$schema": "https://raw.githubusercontent.com/spdx/spdx-spec/v2.2.1/schemas/spdx-schema.json",
  "spdxVersion": "SPDX-2.2",
  "dataLicense": "CC0-1.0",
  "SPDXID": "SPDXRef-DOCUMENT",
  "documentNamespace": "https://spdx.org/spdxdocs/liblzma-x64-windows-5.8.1-1ac3268f-ed99-4a43-937d-aa9ffee71978",
  "name": "liblzma:x64-windows@5.8.1 cd957df6844a9196d4e6c3855815c81c41aeac83fc91eb88cebb715bb4285a1c",
  "creationInfo": {
    "creators": [
      "Tool: vcpkg-2025-09-03-4580816534ed8fd9634ac83d46471440edd82dfe"
    ],
    "created": "2025-11-04T21:50:39Z"
  },
  "relationships": [
    {
      "spdxElementId": "SPDXRef-port",
      "relationshipType": "GENERATES",
      "relatedSpdxElement": "SPDXRef-binary"
    },
    {
      "spdxElementId": "SPDXRef-port",
      "relationshipType": "CONTAINS",
      "relatedSpdxElement": "SPDXRef-port-file-0"
    },
    {
      "spdxElementId": "SPDXRef-port",
      "relationshipType": "CONTAINS",
      "relatedSpdxElement": "SPDXRef-port-file-1"
    },
    {
      "spdxElementId": "SPDXRef-port",
      "relationshipType": "CONTAINS",
      "relatedSpdxElement": "SPDXRef-port-file-2"
    },
    {
      "spdxElementId": "SPDXRef-port",
      "relationshipType": "CONTAINS",
      "relatedSpdxElement": "SPDXRef-port-file-3"
    },
    {
      "spdxElementId": "SPDXRef-port",
      "relationshipType": "CONTAINS",
      "relatedSpdxElement": "SPDXRef-port-file-4"
    },
    {
      "spdxElementId": "SPDXRef-port-file-4",
      "relationshipType": "DEPENDENCY_MANIFEST_OF",
      "relatedSpdxElement": "SPDXRef-port"
    },
    {
      "spdxElementId": "SPDXRef-binary",
      "relationshipType": "CONTAINS",
      "relatedSpdxElement": "SPDXRef-binary-file-0"
    },
    {
      "spdxElementId": "SPDXRef-binary",
      "relationshipType": "CONTAINS",
      "relatedSpdxElement": "SPDXRef-binary-file-1"
    },
    {
      "spdxElementId": "SPDXRef-binary",
      "relationshipType": "CONTAINS",
      "relatedSpdxElement": "SPDXRef-binary-file-2"
    },
    {
      "spdxElementId": "SPDXRef-binary",
      "relationshipType": "CONTAINS",
      "relatedSpdxElement": "SPDXRef-binary-file-3"
    },
    {
      "spdxElementId": "SPDXRef-binary",
      "relationshipType": "CONTAINS",
      "relatedSpdxElement": "SPDXRef-binary-file-4"
    },
    {
      "spdxElementId": "SPDXRef-binary",
      "relationshipType": "CONTAINS",
      "relatedSpdxElement": "SPDXRef-binary-file-5"
    },
    {
      "spdxElementId": "SPDXRef-binary",
      "relationshipType": "CONTAINS",
      "relatedSpdxElement": "SPDXRef-binary-file-6"
    },
    {
      "spdxElementId": "SPDXRef-binary",
      "relationshipType": "CONTAINS",
      "relatedSpdxElement": "SPDXRef-binary-file-7"
    },
    {
      "spdxElementId": "SPDXRef-binary",
      "relationshipType": "CONTAINS",
      "relatedSpdxElement": "SPDXRef-binary-file-8"
    },
    {
      "spdxElementId": "SPDXRef-binary",
      "relationshipType": "CONTAINS",
      "relatedSpdxElement": "SPDXRef-binary-file-9"
    },
    {
      "spdxElementId": "SPDXRef-binary",
      "relationshipType": "CONTAINS",
      "relatedSpdxElement": "SPDXRef-binary-file-10"
    },
    {
      "spdxElementId": "SPDXRef-binary",
      "relationshipType": "CONTAINS",
      "relatedSpdxElement": "SPDXRef-binary-file-11"
    },
    {
      "spdxElementId": "SPDXRef-binary",
      "relationshipType": "CONTAINS",
      "relatedSpdxElement": "SPDXRef-binary-file-12"
    },
    {
      "spdxElementId": "SPDXRef-binary",
      "relationshipType": "CONTAINS",
      "relatedSpdxElement": "SPDXRef-binary-file-13"
    },
    {
      "spdxElementId": "SPDXRef-binary",
      "relationshipType": "CONTAINS",
      "relatedSpdxElement": "SPDXRef-binary-file-14"
    },
    {
      "spdxElementId": "SPDXRef-binary",
      "relationshipType": "CONTAINS",
      "relatedSpdxElement": "SPDXRef-binary-file-15"
    },
    {
      "spdxElementId": "SPDXRef-binary",
      "relationshipType": "CONTAINS",
      "relatedSpdxElement": "SPDXRef-binary-file-16"
    },
    {
      "spdxElementId": "SPDXRef-binary",
      "relationshipType": "CONTAINS",
      "relatedSpdxElement": "SPDXRef-binary-file-17"
    },
    {
      "spdxElementId": "SPDXRef-binary",
      "relationshipType": "CONTAINS",
      "relatedSpdxElement": "SPDXRef-binary-file-18"
    },
    {
      "spdxElementId": "SPDXRef-binary",
      "relationshipType": "CONTAINS",
      "relatedSpdxElement": "SPDXRef-binary-file-19"
    },
    {
      "spdxElementId": "SPDXRef-binary",
      "relationshipType": "CONTAINS",
      "relatedSpdxElement": "SPDXRef-binary-file-20"
    },
    {
      "spdxElementId": "SPDXRef-binary",
      "relationshipType": "CONTAINS",
      "relatedSpdxElement": "SPDXRef-binary-file-21"
    },
    {
      "spdxElementId": "SPDXRef-binary",
      "relationshipType": "CONTAINS",
      "relatedSpdxElement": "SPDXRef-binary-file-22"
    },
    {
      "spdxElementId": "SPDXRef-binary",
      "relationshipType": "CONTAINS",
      "relatedSpdxElement": "SPDXRef-binary-file-23"
    },
    {
      "spdxElementId": "SPDXRef-binary",
      "relationshipType": "CONTAINS",
      "relatedSpdxElement": "SPDXRef-binary-file-24"
    },
    {
      "spdxElementId": "SPDXRef-binary",
      "relationshipType": "CONTAINS",
      "relatedSpdxElement": "SPDXRef-binary-file-25"
    },
    {
      "spdxElementId": "SPDXRef-binary",
      "relationshipType": "CONTAINS",
      "relatedSpdxElement": "SPDXRef-binary-file-26"
    },
    {
      "spdxElementId": "SPDXRef-binary",
      "relationshipType": "CONTAINS",
      "relatedSpdxElement": "SPDXRef-binary-file-27"
    },
    {
      "spdxElementId": "SPDXRef-binary",
      "relationshipType": "CONTAINS",
      "relatedSpdxElement": "SPDXRef-binary-file-28"
    },
    {
      "spdxElementId": "SPDXRef-binary",
      "relationshipType": "CONTAINS",
      "relatedSpdxElement": "SPDXRef-binary-file-29"
    },
    {
      "spdxElementId": "SPDXRef-binary",
      "relationshipType": "CONTAINS",
      "relatedSpdxElement": "SPDXRef-binary-file-30"
    },
    {
      "spdxElementId": "SPDXRef-binary",
      "relationshipType": "CONTAINS",
      "relatedSpdxElement": "SPDXRef-binary-file-31"
    },
    {
      "spdxElementId": "SPDXRef-binary",
      "relationshipType": "CONTAINS",
      "relatedSpdxElement": "SPDXRef-binary-file-32"
    },
    {
      "spdxElementId": "SPDXRef-binary",
      "relationshipType": "CONTAINS",
      "relatedSpdxElement": "SPDXRef-binary-file-33"
    },
    {
      "spdxElementId": "SPDXRef-binary",
      "relationshipType": "CONTAINS",
      "relatedSpdxElement": "SPDXRef-binary-file-34"
    },
    {
      "spdxElementId": "SPDXRef-binary",
      "relationshipType": "CONTAINS",
      "relatedSpdxElement": "SPDXRef-binary-file-35"
    },
    {
      "spdxElementId": "SPDXRef-binary",
      "relationshipType": "CONTAINS",
      "relatedSpdxElement": "SPDXRef-binary-file-36"
    },
    {
      "spdxElementId": "SPDXRef-binary",
      "relationshipType": "CONTAINS",
      "relatedSpdxElement": "SPDXRef-binary-file-37"
    },
    {
      "spdxElementId": "SPDXRef-binary",
      "relationshipType": "CONTAINS",
      "relatedSpdxElement": "SPDXRef-binary-file-38"
    },
    {
      "spdxElementId": "SPDXRef-binary",
      "relationshipType": "CONTAINS",
      "relatedSpdxElement": "SPDXRef-binary-file-39"
    },
    {
      "spdxElementId": "SPDXRef-binary",
      "relationshipType": "CONTAINS",
      "relatedSpdxElement": "SPDXRef-binary-file-40"
    },
    {
      "spdxElementId": "SPDXRef-binary",
      "relationshipType": "CONTAINS",
      "relatedSpdxElement": "SPDXRef-binary-file-41"
    },
    {
      "spdxElementId": "SPDXRef-binary",
      "relationshipType": "CONTAINS",
      "relatedSpdxElement": "SPDXRef-binary-file-42"
    },
    {
      "spdxElementId": "SPDXRef-binary",
      "relationshipType": "CONTAINS",
      "relatedSpdxElement": "SPDXRef-binary-file-43"
    },
    {
      "spdxElementId": "SPDXRef-binary",
      "relationshipType": "CONTAINS",
      "relatedSpdxElement": "SPDXRef-binary-file-44"
    },
    {
      "spdxElementId": "SPDXRef-binary",
      "relationshipType": "CONTAINS",
      "relatedSpdxElement": "SPDXRef-binary-file-45"
    },
    {
      "spdxElementId": "SPDXRef-binary",
      "relationshipType": "CONTAINS",
      "relatedSpdxElement": "SPDXRef-binary-file-46"
    },
    {
      "spdxElementId": "SPDXRef-binary",
      "relationshipType": "CONTAINS",
      "relatedSpdxElement": "SPDXRef-binary-file-47"
    },
    {
      "spdxElementId": "SPDXRef-binary",
      "relationshipType": "CONTAINS",
      "relatedSpdxElement": "SPDXRef-binary-file-48"
    },
    {
      "spdxElementId": "SPDXRef-binary",
      "relationshipType": "CONTAINS",
      "relatedSpdxElement": "SPDXRef-binary-file-49"
    }
  ],
  "packages": [
    {
      "name": "liblzma",
      "SPDXID": "SPDXRef-port",
      "versionInfo": "5.8.1",
      "downloadLocation": "git+https://github.com/Microsoft/vcpkg#ports/liblzma",
      "homepage": "https://tukaani.org/xz/",
      "licenseConcluded": "LicenseRef-vcpkg-null",
      "licenseDeclared": "NOASSERTION",
      "copyrightText": "NOASSERTION",
      "description": "Compression library with an API similar to that of zlib.",
      "comment": "This is the port (recipe) consumed by vcpkg."
    },
    {
      "name": "liblzma:x64-windows",
      "SPDXID": "SPDXRef-binary",
      "versionInfo": "cd957df6844a9196d4e6c3855815c81c41aeac83fc91eb88cebb715bb4285a1c",
      "downloadLocation": "NONE",
      "licenseConcluded": "LicenseRef-vcpkg-null",
      "licenseDeclared": "NOASSERTION",
      "copyrightText": "NOASSERTION",
      "comment": "This is a binary package built by vcpkg."
    },
    {
      "SPDXID": "SPDXRef-resource-0",
      "name": "tukaani-project/xz",
      "downloadLocation": "git+https://github.com/tukaani-project/xz@v5.8.1",
      "licenseConcluded": "NOASSERTION",
      "licenseDeclared": "NOASSERTION",
      "copyrightText": "NOASSERTION",
      "checksums": [
        {
          "algorithm": "SHA512",
          "checksumValue": "2f51fb316adb2962e0f2ef6ccc8b544cdc45087b9ad26dcd33f2025784be56578ab937c618e5826b2220b49b79b8581dcb8c6d43cd50ded7ad9de9fe61610f46"
        }
      ]
    }
  ],
  "files": [
    {
      "fileName": "./build-tools.patch",
      "SPDXID": "SPDXRef-port-file-0",
      "checksums": [
        {
          "algorithm": "SHA256",
          "checksumValue": "a39d5e1cf991362bd503c9144d2d315d2756d642fdc542580386a1c6b9477df3"
        }
      ],
      "licenseConcluded": "NOASSERTION",
      "copyrightText": "NOASSERTION"
    },
    {
      "fileName": "./portfile.cmake",
      "SPDXID": "SPDXRef-port-file-1",
      "checksums": [
        {
          "algorithm": "SHA256",
          "checksumValue": "61340cceaa26537699ceec81bbe12ff042758e074cc85c4e0067af076c97748d"
        }
      ],
      "licenseConcluded": "NOASSERTION",
      "copyrightText": "NOASSERTION"
    },
    {
      "fileName": "./usage",
      "SPDXID": "SPDXRef-port-file-2",
      "checksums": [
        {
          "algorithm": "SHA256",
          "checksumValue": "8e856626fcd7a0110736379543122b37484d658078c12a55596b0664f455286d"
        }
      ],
      "licenseConcluded": "NOASSERTION",
      "copyrightText": "NOASSERTION"
    },
    {
      "fileName": "./vcpkg-cmake-wrapper.cmake",
      "SPDXID": "SPDXRef-port-file-3",
      "checksums": [
        {
          "algorithm": "SHA256",
          "checksumValue": "a4611673d837ec6e94f0f0f9a85a1859b85ef169e762b48a99946b9436647b39"
        }
      ],
      "licenseConcluded": "NOASSERTION",
      "copyrightText": "NOASSERTION"
    },
    {
      "fileName": "./vcpkg.json",
      "SPDXID": "SPDXRef-port-file-4",
      "checksums": [
        {
          "algorithm": "SHA256",
          "checksumValue": "9c30c9c048323d9b8cea63134aa6aef2959a4179579b1e5112848f0fc602ca30"
        }
      ],
      "licenseConcluded": "NOASSERTION",
      "copyrightText": "NOASSERTION"
    },
    {
      "fileName": "./bin/liblzma.dll",
      "SPDXID": "SPDXRef-binary-file-0",
      "checksums": [
        {
          "algorithm": "SHA256",
          "checksumValue": "dd3dfd24c0e6433c9a64768be9a1a9f07124e791e149048d80418b299429e85e"
        }
      ],
      "licenseConcluded": "NOASSERTION",
      "copyrightText": "NOASSERTION"
    },
    {
      "fileName": "./bin/liblzma.pdb",
      "SPDXID": "SPDXRef-binary-file-1",
      "checksums": [
        {
          "algorithm": "SHA256",
          "checksumValue": "56edf33040e404390f2a6a17c995ce66a442088ed22ac5d223d1f54f7975e392"
        }
      ],
      "licenseConcluded": "NOASSERTION",
      "copyrightText": "NOASSERTION"
    },
    {
      "fileName": "./BUILD_INFO",
      "SPDXID": "SPDXRef-binary-file-2",
      "checksums": [
        {
          "algorithm": "SHA256",
          "checksumValue": "5e7f821ab4eb804deb535baa7b41edca682d0303cf21a91908c98d5c9a7dcf4d"
        }
      ],
      "licenseConcluded": "NOASSERTION",
      "copyrightText": "NOASSERTION"
    },
    {
      "fileName": "./debug/bin/liblzma.dll",
      "SPDXID": "SPDXRef-binary-file-3",
      "checksums": [
        {
          "algorithm": "SHA256",
          "checksumValue": "c35a2d4f9f390edce7385b4374f71fc21e24c21391266dfaa04b22578593d62c"
        }
      ],
      "licenseConcluded": "NOASSERTION",
      "copyrightText": "NOASSERTION"
    },
    {
      "fileName": "./debug/bin/liblzma.pdb",
      "SPDXID": "SPDXRef-binary-file-4",
      "checksums": [
        {
          "algorithm": "SHA256",
          "checksumValue": "5a82e6752ef1f83017866c551114b0943bf0593a5cef53382c55ee3547538720"
        }
      ],
      "licenseConcluded": "NOASSERTION",
      "copyrightText": "NOASSERTION"
    },
    {
      "fileName": "./debug/lib/lzma.lib",
      "SPDXID": "SPDXRef-binary-file-5",
      "checksums": [
        {
          "algorithm": "SHA256",
          "checksumValue": "bc765b0603812bf63550444c671ad9c7b98e76268085530e6fa64768e60eaf82"
        }
      ],
      "licenseConcluded": "NOASSERTION",
      "copyrightText": "NOASSERTION"
    },
    {
      "fileName": "./debug/lib/pkgconfig/liblzma.pc",
      "SPDXID": "SPDXRef-binary-file-6",
      "checksums": [
        {
          "algorithm": "SHA256",
          "checksumValue": "e545f3e6c210af05df07dbedebfc9fb6d2ba0aecc4d0312dcb019070f9eb0653"
        }
      ],
      "licenseConcluded": "NOASSERTION",
      "copyrightText": "NOASSERTION"
    },
    {
      "fileName": "./include/lzma/base.h",
      "SPDXID": "SPDXRef-binary-file-7",
      "checksums": [
        {
          "algorithm": "SHA256",
          "checksumValue": "8d78bcee5be1cb18866133a0de5e85ff33cd164bbea16816f6af814e80beace0"
        }
      ],
      "licenseConcluded": "NOASSERTION",
      "copyrightText": "NOASSERTION"
    },
    {
      "fileName": "./include/lzma/bcj.h",
      "SPDXID": "SPDXRef-binary-file-8",
      "checksums": [
        {
          "algorithm": "SHA256",
          "checksumValue": "7420ecbd1bd0e7ed726ccb4b771c92c5e99366fd98f725b57055ddd90cd6384b"
        }
      ],
      "licenseConcluded": "NOASSERTION",
      "copyrightText": "NOASSERTION"
    },
    {
      "fileName": "./include/lzma/block.h",
      "SPDXID": "SPDXRef-binary-file-9",
      "checksums": [
        {
          "algorithm": "SHA256",
          "checksumValue": "c99bf801dc0d771196f318f0eb2db454c8ba007fb516c1e83ece91ac079e3440"
        }
      ],
      "licenseConcluded": "NOASSERTION",
      "copyrightText": "NOASSERTION"
    },
    {
      "fileName": "./include/lzma/check.h",
      "SPDXID": "SPDXRef-binary-file-10",
      "checksums": [
        {
          "algorithm": "SHA256",
          "checksumValue": "a6954d5e59c87c09e000f6df9b61615125a4fb20b5014ce8cb3eea762999acff"
        }
      ],
      "licenseConcluded": "NOASSERTION",
      "copyrightText": "NOASSERTION"
    },
    {
      "fileName": "./include/lzma/container.h",
      "SPDXID": "SPDXRef-binary-file-11",
      "checksums": [
        {
          "algorithm": "SHA256",
          "checksumValue": "6de0d8ae47efeb02b1eda880495a433afe85cd2555e51e1b371a42f8e77a13ce"
        }
      ],
      "licenseConcluded": "NOASSERTION",
      "copyrightText": "NOASSERTION"
    },
    {
      "fileName": "./include/lzma/delta.h",
      "SPDXID": "SPDXRef-binary-file-12",
      "checksums": [
        {
          "algorithm": "SHA256",
          "checksumValue": "ff69bb02c2beb169284a50f68962006dde746e1859c31d47be0bc8e56db7a7b1"
        }
      ],
      "licenseConcluded": "NOASSERTION",
      "copyrightText": "NOASSERTION"
    },
    {
      "fileName": "./include/lzma/filter.h",
      "SPDXID": "SPDXRef-binary-file-13",
      "checksums": [
        {
          "algorithm": "SHA256",
          "checksumValue": "bdc89d83271fd6cfc6e345913d6c6882c4c0f9093c71ea576c64ba562233ca6b"
        }
      ],
      "licenseConcluded": "NOASSERTION",
      "copyrightText": "NOASSERTION"
    },
    {
      "fileName": "./include/lzma/hardware.h",
      "SPDXID": "SPDXRef-binary-file-14",
      "checksums": [
        {
          "algorithm": "SHA256",
          "checksumValue": "84a3af36971a1acc33c90305ec72f67d18bc74aa0742cef17833e023dd2992b3"
        }
      ],
      "licenseConcluded": "NOASSERTION",
      "copyrightText": "NOASSERTION"
    },
    {
      "fileName": "./include/lzma/index.h",
      "SPDXID": "SPDXRef-binary-file-15",
      "checksums": [
        {
          "algorithm": "SHA256",
          "checksumValue": "f87c272b613742f18177186990144fa2c70f0800656c8b1a4142c3d9f0e94c9a"
        }
      ],
      "licenseConcluded": "NOASSERTION",
      "copyrightText": "NOASSERTION"
    },
    {
      "fileName": "./include/lzma/index_hash.h",
      "SPDXID": "SPDXRef-binary-file-16",
      "checksums": [
        {
          "algorithm": "SHA256",
          "checksumValue": "b10127b60fedb010dad8d9c07635e73da9e995b287e823ae1838bbd302a8b260"
        }
      ],
      "licenseConcluded": "NOASSERTION",
      "copyrightText": "NOASSERTION"
    },
    {
      "fileName": "./include/lzma/lzma12.h",
      "SPDXID": "SPDXRef-binary-file-17",
      "checksums": [
        {
          "algorithm": "SHA256",
          "checksumValue": "863e8c4b64472c5bca2246f17e2208af6dac9a07a34386a6e0af707708abdb50"
        }
      ],
      "licenseConcluded": "NOASSERTION",
      "copyrightText": "NOASSERTION"
    },
    {
      "fileName": "./include/lzma/stream_flags.h",
      "SPDXID": "SPDXRef-binary-file-18",
      "checksums": [
        {
          "algorithm": "SHA256",
          "checksumValue": "192f8e6fdedcc26fabf2751128eab1f41fd6fbf976eea0d3d225a1d57b6a459c"
        }
      ],
      "licenseConcluded": "NOASSERTION",
      "copyrightText": "NOASSERTION"
    },
    {
      "fileName": "./include/lzma/version.h",
      "SPDXID": "SPDXRef-binary-file-19",
      "checksums": [
        {
          "algorithm": "SHA256",
          "checksumValue": "e298e4984b4f99b6354c365d93c732fddcee5b9d4955189925a8566f17957fdf"
        }
      ],
      "licenseConcluded": "NOASSERTION",
      "copyrightText": "NOASSERTION"
    },
    {
      "fileName": "./include/lzma/vli.h",
      "SPDXID": "SPDXRef-binary-file-20",
      "checksums": [
        {
          "algorithm": "SHA256",
          "checksumValue": "16a498e75b0f5136de11e205e36ce9641277cfddad538fff5b22b6991f4110f7"
        }
      ],
      "licenseConcluded": "NOASSERTION",
      "copyrightText": "NOASSERTION"
    },
    {
      "fileName": "./include/lzma.h",
      "SPDXID": "SPDXRef-binary-file-21",
      "checksums": [
        {
          "algorithm": "SHA256",
          "checksumValue": "795b2b3960ebd32c456142bc8be9e2ff90085a92b6ee95b3efc2a19730b0efa0"
        }
      ],
      "licenseConcluded": "NOASSERTION",
      "copyrightText": "NOASSERTION"
    },
    {
      "fileName": "./lib/lzma.lib",
      "SPDXID": "SPDXRef-binary-file-22",
      "checksums": [
        {
          "algorithm": "SHA256",
          "checksumValue": "bc765b0603812bf63550444c671ad9c7b98e76268085530e6fa64768e60eaf82"
        }
      ],
      "licenseConcluded": "NOASSERTION",
      "copyrightText": "NOASSERTION"
    },
    {
      "fileName": "./lib/pkgconfig/liblzma.pc",
      "SPDXID": "SPDXRef-binary-file-23",
      "checksums": [
        {
          "algorithm": "SHA256",
          "checksumValue": "07d2b3fc176dae33801ee55ed20805d31a5d6ebe48d031cff40d542d08d15d0a"
        }
      ],
      "licenseConcluded": "NOASSERTION",
      "copyrightText": "NOASSERTION"
    },
    {
      "fileName": "./share/doc/xz/AUTHORS",
      "SPDXID": "SPDXRef-binary-file-24",
      "checksums": [
        {
          "algorithm": "SHA256",
          "checksumValue": "01e6df90d71d591f4307db3f397a5a4fac93b18533f5a3862156f1a0a7dc8610"
        }
      ],
      "licenseConcluded": "NOASSERTION",
      "copyrightText": "NOASSERTION"
    },
    {
      "fileName": "./share/doc/xz/COPYING",
      "SPDXID": "SPDXRef-binary-file-25",
      "checksums": [
        {
          "algorithm": "SHA256",
          "checksumValue": "616a3ad264ce29b8f1cb97e53037b139d406899ca8d1f799651e17bfa09830b8"
        }
      ],
      "licenseConcluded": "NOASSERTION",
      "copyrightText": "NOASSERTION"
    },
    {
      "fileName": "./share/doc/xz/COPYING.0BSD",
      "SPDXID": "SPDXRef-binary-file-26",
      "checksums": [
        {
          "algorithm": "SHA256",
          "checksumValue": "0b01625d853911cd0e2e088dcfb743261034a091bb379246cb25a14cc4c74bf1"
        }
      ],
      "licenseConcluded": "NOASSERTION",
      "copyrightText": "NOASSERTION"
    },
    {
      "fileName": "./share/doc/xz/COPYING.GPLv2",
      "SPDXID": "SPDXRef-binary-file-27",
      "checksums": [
        {
          "algorithm": "SHA256",
          "checksumValue": "8177f97513213526df2cf6184d8ff986c675afb514d4e68a404010521b880643"
        }
      ],
      "licenseConcluded": "NOASSERTION",
      "copyrightText": "NOASSERTION"
    },
    {
      "fileName": "./share/doc/xz/examples/00_README.txt",
      "SPDXID": "SPDXRef-binary-file-28",
      "checksums": [
        {
          "algorithm": "SHA256",
          "checksumValue": "f0ddaa731c89d6028f55281229e56b89f32b8c477aba4f52367488f0f42651be"
        }
      ],
      "licenseConcluded": "NOASSERTION",
      "copyrightText": "NOASSERTION"
    },
    {
      "fileName": "./share/doc/xz/examples/01_compress_easy.c",
      "SPDXID": "SPDXRef-binary-file-29",
      "checksums": [
        {
          "algorithm": "SHA256",
          "checksumValue": "7d4a9186e9121eef5924cadc913f513615de697e3a86b5b01307e8cd54d9e0d0"
        }
      ],
      "licenseConcluded": "NOASSERTION",
      "copyrightText": "NOASSERTION"
    },
    {
      "fileName": "./share/doc/xz/examples/02_decompress.c",
      "SPDXID": "SPDXRef-binary-file-30",
      "checksums": [
        {
          "algorithm": "SHA256",
          "checksumValue": "8c085ac46579444a4f33fbb6a4d480265dc8db43dbb05698fb58c8faf58100ab"
        }
      ],
      "licenseConcluded": "NOASSERTION",
      "copyrightText": "NOASSERTION"
    },
    {
      "fileName": "./share/doc/xz/examples/03_compress_custom.c",
      "SPDXID": "SPDXRef-binary-file-31",
      "checksums": [
        {
          "algorithm": "SHA256",
          "checksumValue": "27229e1b873e4ecac4a3f57db932a23e9729930822f7932e618a72f50499c860"
        }
      ],
      "licenseConcluded": "NOASSERTION",
      "copyrightText": "NOASSERTION"
    },
    {
      "fileName": "./share/doc/xz/examples/04_compress_easy_mt.c",
      "SPDXID": "SPDXRef-binary-file-32",
      "checksums": [
        {
          "algorithm": "SHA256",
          "checksumValue": "304f9b8501e224288cfeb7c89aad34890857dd83874a5b152508f2203661a0c6"
        }
      ],
      "licenseConcluded": "NOASSERTION",
      "copyrightText": "NOASSERTION"
    },
    {
      "fileName": "./share/doc/xz/examples/11_file_info.c",
      "SPDXID": "SPDXRef-binary-file-33",
      "checksums": [
        {
          "algorithm": "SHA256",
          "checksumValue": "1d3e56a70ef81cb36813624b360355561932164a19184b76f5f190734ee92046"
        }
      ],
      "licenseConcluded": "NOASSERTION",
      "copyrightText": "NOASSERTION"
    },
    {
      "fileName": "./share/doc/xz/examples/Makefile",
      "SPDXID": "SPDXRef-binary-file-34",
      "checksums": [
        {
          "algorithm": "SHA256",
          "checksumValue": "cc4018f5f9e0d0b6d46e6433cf18205f1437e587b369e35c718c88cf5a200dca"
        }
      ],
      "licenseConcluded": "NOASSERTION",
      "copyrightText": "NOASSERTION"
    },
    {
      "fileName": "./share/doc/xz/faq.txt",
      "SPDXID": "SPDXRef-binary-file-35",
      "checksums": [
        {
          "algorithm": "SHA256",
          "checksumValue": "97ea64c7578870443ff4669cd6dce43d94d857faa7cffef1aa462ff9c8089c07"
        }
      ],
      "licenseConcluded": "NOASSERTION",
      "copyrightText": "NOASSERTION"
    },
    {
      "fileName": "./share/doc/xz/history.txt",
      "SPDXID": "SPDXRef-binary-file-36",
      "checksums": [
        {
          "algorithm": "SHA256",
          "checksumValue": "9d6a0a72822734a0afb1816e07f0a7edab03339119bed4f393c1c7eec884eab6"
        }
      ],
      "licenseConcluded": "NOASSERTION",
      "copyrightText": "NOASSERTION"
    },
    {
      "fileName": "./share/doc/xz/lzma-file-format.txt",
      "SPDXID": "SPDXRef-binary-file-37",
      "checksums": [
        {
          "algorithm": "SHA256",
          "checksumValue": "7ca841284a3912ae2fc2edef4919a1398fc846e4b62ea6d2259de481a1d9caa2"
        }
      ],
      "licenseConcluded": "NOASSERTION",
      "copyrightText": "NOASSERTION"
    },
    {
      "fileName": "./share/doc/xz/NEWS",
      "SPDXID": "SPDXRef-binary-file-38",
      "checksums": [
        {
          "algorithm": "SHA256",
          "checksumValue": "f40feca5a5042b39245176b1ef456909885554c188fef7a0be6622cfdf1d511e"
        }
      ],
      "licenseConcluded": "NOASSERTION",
      "copyrightText": "NOASSERTION"
    },
    {
      "fileName": "./share/doc/xz/README",
      "SPDXID": "SPDXRef-binary-file-39",
      "checksums": [
        {
          "algorithm": "SHA256",
          "checksumValue": "63835489293d61f417043b97bad206447c390e007605ddff97fc70a31e9d6d55"
        }
      ],
      "licenseConcluded": "NOASSERTION",
      "copyrightText": "NOASSERTION"
    },
    {
      "fileName": "./share/doc/xz/THANKS",
      "SPDXID": "SPDXRef-binary-file-40",
      "checksums": [
        {
          "algorithm": "SHA256",
          "checksumValue": "c3404a8e6f3edc81d86b8605e99a32ad73b4d8fd9a73391ed4f0dff99d71c482"
        }
      ],
      "licenseConcluded": "NOASSERTION",
      "copyrightText": "NOASSERTION"
    },
    {
      "fileName": "./share/doc/xz/xz-file-format.txt",
      "SPDXID": "SPDXRef-binary-file-41",
      "checksums": [
        {
          "algorithm": "SHA256",
          "checksumValue": "acc324b995261e6d9d5793c6a504639a6dfe97f2ccaf3cf8667f20a2486fc85b"
        }
      ],
      "licenseConcluded": "NOASSERTION",
      "copyrightText": "NOASSERTION"
    },
    {
      "fileName": "./share/liblzma/copyright",
      "SPDXID": "SPDXRef-binary-file-42",
      "checksums": [
        {
          "algorithm": "SHA256",
          "checksumValue": "616a3ad264ce29b8f1cb97e53037b139d406899ca8d1f799651e17bfa09830b8"
        }
      ],
      "licenseConcluded": "NOASSERTION",
      "copyrightText": "NOASSERTION"
    },
    {
      "fileName": "./share/liblzma/liblzma-config-version.cmake",
      "SPDXID": "SPDXRef-binary-file-43",
      "checksums": [
        {
          "algorithm": "SHA256",
          "checksumValue": "b1d192bf8d2cb1baee223d18eb13e065f87ce8a3924ad917e38350b36fb67f9d"
        }
      ],
      "licenseConcluded": "NOASSERTION",
      "copyrightText": "NOASSERTION"
    },
    {
      "fileName": "./share/liblzma/liblzma-config.cmake",
      "SPDXID": "SPDXRef-binary-file-44",
      "checksums": [
        {
          "algorithm": "SHA256",
          "checksumValue": "4167aec3637ab135ceb394adc870384d97d8ee5979519cbf378d0411308bf296"
        }
      ],
      "licenseConcluded": "NOASSERTION",
      "copyrightText": "NOASSERTION"
    },
    {
      "fileName": "./share/liblzma/liblzma-targets-debug.cmake",
      "SPDXID": "SPDXRef-binary-file-45",
      "checksums": [
        {
          "algorithm": "SHA256",
          "checksumValue": "7e3749c1c86cb08b723bd52ddd12a2e2963fb071aae311ecf60bd625102bd234"
        }
      ],
      "licenseConcluded": "NOASSERTION",
      "copyrightText": "NOASSERTION"
    },
    {
      "fileName": "./share/liblzma/liblzma-targets-release.cmake",
      "SPDXID": "SPDXRef-binary-file-46",
      "checksums": [
        {
          "algorithm": "SHA256",
          "checksumValue": "332cc8ee86d9bd377c93d85639ef11e4d37a06d2ed051237462a2624cbf37b0b"
        }
      ],
      "licenseConcluded": "NOASSERTION",
      "copyrightText": "NOASSERTION"
    },
    {
      "fileName": "./share/liblzma/liblzma-targets.cmake",
      "SPDXID": "SPDXRef-binary-file-47",
      "checksums": [
        {
          "algorithm": "SHA256",
          "checksumValue": "040784c400e62a9be4c2ab809f30823014a67bf04d132fb529b601dc3649a2e0"
        }
      ],
      "licenseConcluded": "NOASSERTION",
      "copyrightText": "NOASSERTION"
    },
    {
      "fileName": "./share/liblzma/usage",
      "SPDXID": "SPDXRef-binary-file-48",
      "checksums": [
        {
          "algorithm": "SHA256",
          "checksumValue": "8e856626fcd7a0110736379543122b37484d658078c12a55596b0664f455286d"
        }
      ],
      "licenseConcluded": "NOASSERTION",
      "copyrightText": "NOASSERTION"
    },
    {
      "fileName": "./share/liblzma/vcpkg-cmake-wrapper.cmake",
      "SPDXID": "SPDXRef-binary-file-49",
      "checksums": [
        {
          "algorithm": "SHA256",
          "checksumValue": "a4611673d837ec6e94f0f0f9a85a1859b85ef169e762b48a99946b9436647b39"
        }
      ],
      "licenseConcluded": "NOASSERTION",
      "copyrightText": "NOASSERTION"
    }
  ]
}
