{
  "$schema": "https://raw.githubusercontent.com/spdx/spdx-spec/v2.2.1/schemas/spdx-schema.json",
  "spdxVersion": "SPDX-2.2",
  "dataLicense": "CC0-1.0",
  "SPDXID": "SPDXRef-DOCUMENT",
  "documentNamespace": "https://spdx.org/spdxdocs/boost-random-x64-windows-1.88.0-003e66cf-931b-45e9-a047-1868ff7e5c7a",
  "name": "boost-random:x64-windows@1.88.0 5af192a997050ad9c5eca3a7445b4143dfb488709e0ec89250e97c835da9f325",
  "creationInfo": {
    "creators": [
      "Tool: vcpkg-2025-09-03-4580816534ed8fd9634ac83d46471440edd82dfe"
    ],
    "created": "2025-11-04T21:50:53Z"
  },
  "relationships": [
    {
      "spdxElementId": "SPDXRef-port",
      "relationshipType": "GENERATES",
      "relatedSpdxElement": "SPDXRef-binary"
    },
    {
      "spdxElementId": "SPDXRef-port",
      "relationshipType": "CONTAINS",
      "relatedSpdxElement": "SPDXRef-port-file-0"
    },
    {
      "spdxElementId": "SPDXRef-port",
      "relationshipType": "CONTAINS",
      "relatedSpdxElement": "SPDXRef-port-file-1"
    },
    {
      "spdxElementId": "SPDXRef-port-file-1",
      "relationshipType": "DEPENDENCY_MANIFEST_OF",
      "relatedSpdxElement": "SPDXRef-port"
    },
    {
      "spdxElementId": "SPDXRef-binary",
      "relationshipType": "CONTAINS",
      "relatedSpdxElement": "SPDXRef-binary-file-0"
    },
    {
      "spdxElementId": "SPDXRef-binary",
      "relationshipType": "CONTAINS",
      "relatedSpdxElement": "SPDXRef-binary-file-1"
    },
    {
      "spdxElementId": "SPDXRef-binary",
      "relationshipType": "CONTAINS",
      "relatedSpdxElement": "SPDXRef-binary-file-2"
    },
    {
      "spdxElementId": "SPDXRef-binary",
      "relationshipType": "CONTAINS",
      "relatedSpdxElement": "SPDXRef-binary-file-3"
    },
    {
      "spdxElementId": "SPDXRef-binary",
      "relationshipType": "CONTAINS",
      "relatedSpdxElement": "SPDXRef-binary-file-4"
    },
    {
      "spdxElementId": "SPDXRef-binary",
      "relationshipType": "CONTAINS",
      "relatedSpdxElement": "SPDXRef-binary-file-5"
    },
    {
      "spdxElementId": "SPDXRef-binary",
      "relationshipType": "CONTAINS",
      "relatedSpdxElement": "SPDXRef-binary-file-6"
    },
    {
      "spdxElementId": "SPDXRef-binary",
      "relationshipType": "CONTAINS",
      "relatedSpdxElement": "SPDXRef-binary-file-7"
    },
    {
      "spdxElementId": "SPDXRef-binary",
      "relationshipType": "CONTAINS",
      "relatedSpdxElement": "SPDXRef-binary-file-8"
    },
    {
      "spdxElementId": "SPDXRef-binary",
      "relationshipType": "CONTAINS",
      "relatedSpdxElement": "SPDXRef-binary-file-9"
    },
    {
      "spdxElementId": "SPDXRef-binary",
      "relationshipType": "CONTAINS",
      "relatedSpdxElement": "SPDXRef-binary-file-10"
    },
    {
      "spdxElementId": "SPDXRef-binary",
      "relationshipType": "CONTAINS",
      "relatedSpdxElement": "SPDXRef-binary-file-11"
    },
    {
      "spdxElementId": "SPDXRef-binary",
      "relationshipType": "CONTAINS",
      "relatedSpdxElement": "SPDXRef-binary-file-12"
    },
    {
      "spdxElementId": "SPDXRef-binary",
      "relationshipType": "CONTAINS",
      "relatedSpdxElement": "SPDXRef-binary-file-13"
    },
    {
      "spdxElementId": "SPDXRef-binary",
      "relationshipType": "CONTAINS",
      "relatedSpdxElement": "SPDXRef-binary-file-14"
    },
    {
      "spdxElementId": "SPDXRef-binary",
      "relationshipType": "CONTAINS",
      "relatedSpdxElement": "SPDXRef-binary-file-15"
    },
    {
      "spdxElementId": "SPDXRef-binary",
      "relationshipType": "CONTAINS",
      "relatedSpdxElement": "SPDXRef-binary-file-16"
    },
    {
      "spdxElementId": "SPDXRef-binary",
      "relationshipType": "CONTAINS",
      "relatedSpdxElement": "SPDXRef-binary-file-17"
    },
    {
      "spdxElementId": "SPDXRef-binary",
      "relationshipType": "CONTAINS",
      "relatedSpdxElement": "SPDXRef-binary-file-18"
    },
    {
      "spdxElementId": "SPDXRef-binary",
      "relationshipType": "CONTAINS",
      "relatedSpdxElement": "SPDXRef-binary-file-19"
    },
    {
      "spdxElementId": "SPDXRef-binary",
      "relationshipType": "CONTAINS",
      "relatedSpdxElement": "SPDXRef-binary-file-20"
    },
    {
      "spdxElementId": "SPDXRef-binary",
      "relationshipType": "CONTAINS",
      "relatedSpdxElement": "SPDXRef-binary-file-21"
    },
    {
      "spdxElementId": "SPDXRef-binary",
      "relationshipType": "CONTAINS",
      "relatedSpdxElement": "SPDXRef-binary-file-22"
    },
    {
      "spdxElementId": "SPDXRef-binary",
      "relationshipType": "CONTAINS",
      "relatedSpdxElement": "SPDXRef-binary-file-23"
    },
    {
      "spdxElementId": "SPDXRef-binary",
      "relationshipType": "CONTAINS",
      "relatedSpdxElement": "SPDXRef-binary-file-24"
    },
    {
      "spdxElementId": "SPDXRef-binary",
      "relationshipType": "CONTAINS",
      "relatedSpdxElement": "SPDXRef-binary-file-25"
    },
    {
      "spdxElementId": "SPDXRef-binary",
      "relationshipType": "CONTAINS",
      "relatedSpdxElement": "SPDXRef-binary-file-26"
    },
    {
      "spdxElementId": "SPDXRef-binary",
      "relationshipType": "CONTAINS",
      "relatedSpdxElement": "SPDXRef-binary-file-27"
    },
    {
      "spdxElementId": "SPDXRef-binary",
      "relationshipType": "CONTAINS",
      "relatedSpdxElement": "SPDXRef-binary-file-28"
    },
    {
      "spdxElementId": "SPDXRef-binary",
      "relationshipType": "CONTAINS",
      "relatedSpdxElement": "SPDXRef-binary-file-29"
    },
    {
      "spdxElementId": "SPDXRef-binary",
      "relationshipType": "CONTAINS",
      "relatedSpdxElement": "SPDXRef-binary-file-30"
    },
    {
      "spdxElementId": "SPDXRef-binary",
      "relationshipType": "CONTAINS",
      "relatedSpdxElement": "SPDXRef-binary-file-31"
    },
    {
      "spdxElementId": "SPDXRef-binary",
      "relationshipType": "CONTAINS",
      "relatedSpdxElement": "SPDXRef-binary-file-32"
    },
    {
      "spdxElementId": "SPDXRef-binary",
      "relationshipType": "CONTAINS",
      "relatedSpdxElement": "SPDXRef-binary-file-33"
    },
    {
      "spdxElementId": "SPDXRef-binary",
      "relationshipType": "CONTAINS",
      "relatedSpdxElement": "SPDXRef-binary-file-34"
    },
    {
      "spdxElementId": "SPDXRef-binary",
      "relationshipType": "CONTAINS",
      "relatedSpdxElement": "SPDXRef-binary-file-35"
    },
    {
      "spdxElementId": "SPDXRef-binary",
      "relationshipType": "CONTAINS",
      "relatedSpdxElement": "SPDXRef-binary-file-36"
    },
    {
      "spdxElementId": "SPDXRef-binary",
      "relationshipType": "CONTAINS",
      "relatedSpdxElement": "SPDXRef-binary-file-37"
    },
    {
      "spdxElementId": "SPDXRef-binary",
      "relationshipType": "CONTAINS",
      "relatedSpdxElement": "SPDXRef-binary-file-38"
    },
    {
      "spdxElementId": "SPDXRef-binary",
      "relationshipType": "CONTAINS",
      "relatedSpdxElement": "SPDXRef-binary-file-39"
    },
    {
      "spdxElementId": "SPDXRef-binary",
      "relationshipType": "CONTAINS",
      "relatedSpdxElement": "SPDXRef-binary-file-40"
    },
    {
      "spdxElementId": "SPDXRef-binary",
      "relationshipType": "CONTAINS",
      "relatedSpdxElement": "SPDXRef-binary-file-41"
    },
    {
      "spdxElementId": "SPDXRef-binary",
      "relationshipType": "CONTAINS",
      "relatedSpdxElement": "SPDXRef-binary-file-42"
    },
    {
      "spdxElementId": "SPDXRef-binary",
      "relationshipType": "CONTAINS",
      "relatedSpdxElement": "SPDXRef-binary-file-43"
    },
    {
      "spdxElementId": "SPDXRef-binary",
      "relationshipType": "CONTAINS",
      "relatedSpdxElement": "SPDXRef-binary-file-44"
    },
    {
      "spdxElementId": "SPDXRef-binary",
      "relationshipType": "CONTAINS",
      "relatedSpdxElement": "SPDXRef-binary-file-45"
    },
    {
      "spdxElementId": "SPDXRef-binary",
      "relationshipType": "CONTAINS",
      "relatedSpdxElement": "SPDXRef-binary-file-46"
    },
    {
      "spdxElementId": "SPDXRef-binary",
      "relationshipType": "CONTAINS",
      "relatedSpdxElement": "SPDXRef-binary-file-47"
    },
    {
      "spdxElementId": "SPDXRef-binary",
      "relationshipType": "CONTAINS",
      "relatedSpdxElement": "SPDXRef-binary-file-48"
    },
    {
      "spdxElementId": "SPDXRef-binary",
      "relationshipType": "CONTAINS",
      "relatedSpdxElement": "SPDXRef-binary-file-49"
    },
    {
      "spdxElementId": "SPDXRef-binary",
      "relationshipType": "CONTAINS",
      "relatedSpdxElement": "SPDXRef-binary-file-50"
    },
    {
      "spdxElementId": "SPDXRef-binary",
      "relationshipType": "CONTAINS",
      "relatedSpdxElement": "SPDXRef-binary-file-51"
    },
    {
      "spdxElementId": "SPDXRef-binary",
      "relationshipType": "CONTAINS",
      "relatedSpdxElement": "SPDXRef-binary-file-52"
    },
    {
      "spdxElementId": "SPDXRef-binary",
      "relationshipType": "CONTAINS",
      "relatedSpdxElement": "SPDXRef-binary-file-53"
    },
    {
      "spdxElementId": "SPDXRef-binary",
      "relationshipType": "CONTAINS",
      "relatedSpdxElement": "SPDXRef-binary-file-54"
    },
    {
      "spdxElementId": "SPDXRef-binary",
      "relationshipType": "CONTAINS",
      "relatedSpdxElement": "SPDXRef-binary-file-55"
    },
    {
      "spdxElementId": "SPDXRef-binary",
      "relationshipType": "CONTAINS",
      "relatedSpdxElement": "SPDXRef-binary-file-56"
    },
    {
      "spdxElementId": "SPDXRef-binary",
      "relationshipType": "CONTAINS",
      "relatedSpdxElement": "SPDXRef-binary-file-57"
    },
    {
      "spdxElementId": "SPDXRef-binary",
      "relationshipType": "CONTAINS",
      "relatedSpdxElement": "SPDXRef-binary-file-58"
    },
    {
      "spdxElementId": "SPDXRef-binary",
      "relationshipType": "CONTAINS",
      "relatedSpdxElement": "SPDXRef-binary-file-59"
    },
    {
      "spdxElementId": "SPDXRef-binary",
      "relationshipType": "CONTAINS",
      "relatedSpdxElement": "SPDXRef-binary-file-60"
    },
    {
      "spdxElementId": "SPDXRef-binary",
      "relationshipType": "CONTAINS",
      "relatedSpdxElement": "SPDXRef-binary-file-61"
    },
    {
      "spdxElementId": "SPDXRef-binary",
      "relationshipType": "CONTAINS",
      "relatedSpdxElement": "SPDXRef-binary-file-62"
    },
    {
      "spdxElementId": "SPDXRef-binary",
      "relationshipType": "CONTAINS",
      "relatedSpdxElement": "SPDXRef-binary-file-63"
    },
    {
      "spdxElementId": "SPDXRef-binary",
      "relationshipType": "CONTAINS",
      "relatedSpdxElement": "SPDXRef-binary-file-64"
    },
    {
      "spdxElementId": "SPDXRef-binary",
      "relationshipType": "CONTAINS",
      "relatedSpdxElement": "SPDXRef-binary-file-65"
    },
    {
      "spdxElementId": "SPDXRef-binary",
      "relationshipType": "CONTAINS",
      "relatedSpdxElement": "SPDXRef-binary-file-66"
    },
    {
      "spdxElementId": "SPDXRef-binary",
      "relationshipType": "CONTAINS",
      "relatedSpdxElement": "SPDXRef-binary-file-67"
    },
    {
      "spdxElementId": "SPDXRef-binary",
      "relationshipType": "CONTAINS",
      "relatedSpdxElement": "SPDXRef-binary-file-68"
    },
    {
      "spdxElementId": "SPDXRef-binary",
      "relationshipType": "CONTAINS",
      "relatedSpdxElement": "SPDXRef-binary-file-69"
    },
    {
      "spdxElementId": "SPDXRef-binary",
      "relationshipType": "CONTAINS",
      "relatedSpdxElement": "SPDXRef-binary-file-70"
    },
    {
      "spdxElementId": "SPDXRef-binary",
      "relationshipType": "CONTAINS",
      "relatedSpdxElement": "SPDXRef-binary-file-71"
    },
    {
      "spdxElementId": "SPDXRef-binary",
      "relationshipType": "CONTAINS",
      "relatedSpdxElement": "SPDXRef-binary-file-72"
    },
    {
      "spdxElementId": "SPDXRef-binary",
      "relationshipType": "CONTAINS",
      "relatedSpdxElement": "SPDXRef-binary-file-73"
    },
    {
      "spdxElementId": "SPDXRef-binary",
      "relationshipType": "CONTAINS",
      "relatedSpdxElement": "SPDXRef-binary-file-74"
    },
    {
      "spdxElementId": "SPDXRef-binary",
      "relationshipType": "CONTAINS",
      "relatedSpdxElement": "SPDXRef-binary-file-75"
    },
    {
      "spdxElementId": "SPDXRef-binary",
      "relationshipType": "CONTAINS",
      "relatedSpdxElement": "SPDXRef-binary-file-76"
    },
    {
      "spdxElementId": "SPDXRef-binary",
      "relationshipType": "CONTAINS",
      "relatedSpdxElement": "SPDXRef-binary-file-77"
    },
    {
      "spdxElementId": "SPDXRef-binary",
      "relationshipType": "CONTAINS",
      "relatedSpdxElement": "SPDXRef-binary-file-78"
    },
    {
      "spdxElementId": "SPDXRef-binary",
      "relationshipType": "CONTAINS",
      "relatedSpdxElement": "SPDXRef-binary-file-79"
    },
    {
      "spdxElementId": "SPDXRef-binary",
      "relationshipType": "CONTAINS",
      "relatedSpdxElement": "SPDXRef-binary-file-80"
    },
    {
      "spdxElementId": "SPDXRef-binary",
      "relationshipType": "CONTAINS",
      "relatedSpdxElement": "SPDXRef-binary-file-81"
    },
    {
      "spdxElementId": "SPDXRef-binary",
      "relationshipType": "CONTAINS",
      "relatedSpdxElement": "SPDXRef-binary-file-82"
    },
    {
      "spdxElementId": "SPDXRef-binary",
      "relationshipType": "CONTAINS",
      "relatedSpdxElement": "SPDXRef-binary-file-83"
    },
    {
      "spdxElementId": "SPDXRef-binary",
      "relationshipType": "CONTAINS",
      "relatedSpdxElement": "SPDXRef-binary-file-84"
    },
    {
      "spdxElementId": "SPDXRef-binary",
      "relationshipType": "CONTAINS",
      "relatedSpdxElement": "SPDXRef-binary-file-85"
    },
    {
      "spdxElementId": "SPDXRef-binary",
      "relationshipType": "CONTAINS",
      "relatedSpdxElement": "SPDXRef-binary-file-86"
    },
    {
      "spdxElementId": "SPDXRef-binary",
      "relationshipType": "CONTAINS",
      "relatedSpdxElement": "SPDXRef-binary-file-87"
    },
    {
      "spdxElementId": "SPDXRef-binary",
      "relationshipType": "CONTAINS",
      "relatedSpdxElement": "SPDXRef-binary-file-88"
    },
    {
      "spdxElementId": "SPDXRef-binary",
      "relationshipType": "CONTAINS",
      "relatedSpdxElement": "SPDXRef-binary-file-89"
    },
    {
      "spdxElementId": "SPDXRef-binary",
      "relationshipType": "CONTAINS",
      "relatedSpdxElement": "SPDXRef-binary-file-90"
    },
    {
      "spdxElementId": "SPDXRef-binary",
      "relationshipType": "CONTAINS",
      "relatedSpdxElement": "SPDXRef-binary-file-91"
    },
    {
      "spdxElementId": "SPDXRef-binary",
      "relationshipType": "CONTAINS",
      "relatedSpdxElement": "SPDXRef-binary-file-92"
    },
    {
      "spdxElementId": "SPDXRef-binary",
      "relationshipType": "CONTAINS",
      "relatedSpdxElement": "SPDXRef-binary-file-93"
    },
    {
      "spdxElementId": "SPDXRef-binary",
      "relationshipType": "CONTAINS",
      "relatedSpdxElement": "SPDXRef-binary-file-94"
    },
    {
      "spdxElementId": "SPDXRef-binary",
      "relationshipType": "CONTAINS",
      "relatedSpdxElement": "SPDXRef-binary-file-95"
    },
    {
      "spdxElementId": "SPDXRef-binary",
      "relationshipType": "CONTAINS",
      "relatedSpdxElement": "SPDXRef-binary-file-96"
    },
    {
      "spdxElementId": "SPDXRef-binary",
      "relationshipType": "CONTAINS",
      "relatedSpdxElement": "SPDXRef-binary-file-97"
    },
    {
      "spdxElementId": "SPDXRef-binary",
      "relationshipType": "CONTAINS",
      "relatedSpdxElement": "SPDXRef-binary-file-98"
    }
  ],
  "packages": [
    {
      "name": "boost-random",
      "SPDXID": "SPDXRef-port",
      "versionInfo": "1.88.0",
      "downloadLocation": "git+https://github.com/Microsoft/vcpkg#ports/boost-random",
      "homepage": "https://www.boost.org/libs/random",
      "licenseConcluded": "BSL-1.0",
      "licenseDeclared": "NOASSERTION",
      "copyrightText": "NOASSERTION",
      "description": "Boost random module",
      "comment": "This is the port (recipe) consumed by vcpkg."
    },
    {
      "name": "boost-random:x64-windows",
      "SPDXID": "SPDXRef-binary",
      "versionInfo": "5af192a997050ad9c5eca3a7445b4143dfb488709e0ec89250e97c835da9f325",
      "downloadLocation": "NONE",
      "licenseConcluded": "BSL-1.0",
      "licenseDeclared": "NOASSERTION",
      "copyrightText": "NOASSERTION",
      "comment": "This is a binary package built by vcpkg."
    },
    {
      "SPDXID": "SPDXRef-resource-0",
      "name": "boostorg/random",
      "downloadLocation": "git+https://github.com/boostorg/random@boost-1.88.0",
      "licenseConcluded": "NOASSERTION",
      "licenseDeclared": "NOASSERTION",
      "copyrightText": "NOASSERTION",
      "checksums": [
        {
          "algorithm": "SHA512",
          "checksumValue": "64d68f174185debf40f6b69aba30544cbe64667e9c0b7f4fa0e1ee258e8d534defca029a68aa6706cba053be0b5e3545a48cad8ae30b16667377871aa0e94529"
        }
      ]
    }
  ],
  "files": [
    {
      "fileName": "./portfile.cmake",
      "SPDXID": "SPDXRef-port-file-0",
      "checksums": [
        {
          "algorithm": "SHA256",
          "checksumValue": "9729e478225efc62d9bc2f287a2fd2c7ae0cf4be7c620d583f53b8ca6ad3b233"
        }
      ],
      "licenseConcluded": "NOASSERTION",
      "copyrightText": "NOASSERTION"
    },
    {
      "fileName": "./vcpkg.json",
      "SPDXID": "SPDXRef-port-file-1",
      "checksums": [
        {
          "algorithm": "SHA256",
          "checksumValue": "e397ee7649081848d08a7649b66f77b6ef7840b7fb3e6ec0b2f6c162ca7545b5"
        }
      ],
      "licenseConcluded": "NOASSERTION",
      "copyrightText": "NOASSERTION"
    },
    {
      "fileName": "./bin/boost_random-vc143-mt-x64-1_88.dll",
      "SPDXID": "SPDXRef-binary-file-0",
      "checksums": [
        {
          "algorithm": "SHA256",
          "checksumValue": "b5fc7d4b787dd860117af7ac36af54baad2f5d9d1a4dd5bc0f5dfdef25ed1fc2"
        }
      ],
      "licenseConcluded": "NOASSERTION",
      "copyrightText": "NOASSERTION"
    },
    {
      "fileName": "./bin/boost_random-vc143-mt-x64-1_88.pdb",
      "SPDXID": "SPDXRef-binary-file-1",
      "checksums": [
        {
          "algorithm": "SHA256",
          "checksumValue": "0a3236b111f9bba4c397767303205ca87673edb9d05277703c8974505bc3a085"
        }
      ],
      "licenseConcluded": "NOASSERTION",
      "copyrightText": "NOASSERTION"
    },
    {
      "fileName": "./BUILD_INFO",
      "SPDXID": "SPDXRef-binary-file-2",
      "checksums": [
        {
          "algorithm": "SHA256",
          "checksumValue": "5e7f821ab4eb804deb535baa7b41edca682d0303cf21a91908c98d5c9a7dcf4d"
        }
      ],
      "licenseConcluded": "NOASSERTION",
      "copyrightText": "NOASSERTION"
    },
    {
      "fileName": "./debug/bin/boost_random-vc143-mt-gd-x64-1_88.dll",
      "SPDXID": "SPDXRef-binary-file-3",
      "checksums": [
        {
          "algorithm": "SHA256",
          "checksumValue": "f454b5a4f54a9c825bfe3ba17f90dd682e5a8bd392c3e9ca7db71aaa31ca23b0"
        }
      ],
      "licenseConcluded": "NOASSERTION",
      "copyrightText": "NOASSERTION"
    },
    {
      "fileName": "./debug/bin/boost_random-vc143-mt-gd-x64-1_88.pdb",
      "SPDXID": "SPDXRef-binary-file-4",
      "checksums": [
        {
          "algorithm": "SHA256",
          "checksumValue": "e5ec0e3a6ba6c4bb8b00c73c3fa0e0a37f2552e688dca22180492fcea170354b"
        }
      ],
      "licenseConcluded": "NOASSERTION",
      "copyrightText": "NOASSERTION"
    },
    {
      "fileName": "./debug/lib/boost_random-vc143-mt-gd-x64-1_88.lib",
      "SPDXID": "SPDXRef-binary-file-5",
      "checksums": [
        {
          "algorithm": "SHA256",
          "checksumValue": "7e73a85c9716c1f5c066f2f2031864724a611b7581b20a6eaf75f6fb15f1fdc7"
        }
      ],
      "licenseConcluded": "NOASSERTION",
      "copyrightText": "NOASSERTION"
    },
    {
      "fileName": "./include/boost/nondet_random.hpp",
      "SPDXID": "SPDXRef-binary-file-6",
      "checksums": [
        {
          "algorithm": "SHA256",
          "checksumValue": "76800f1ffc941f5d880c0db19e7dbb6c450ebd8a26b9510a82307cb26bf67ecb"
        }
      ],
      "licenseConcluded": "NOASSERTION",
      "copyrightText": "NOASSERTION"
    },
    {
      "fileName": "./include/boost/random/additive_combine.hpp",
      "SPDXID": "SPDXRef-binary-file-7",
      "checksums": [
        {
          "algorithm": "SHA256",
          "checksumValue": "30c0bbcdea055081469db6d9aef762bb173e03ea963efb0b4f775c073e4b7b12"
        }
      ],
      "licenseConcluded": "NOASSERTION",
      "copyrightText": "NOASSERTION"
    },
    {
      "fileName": "./include/boost/random/bernoulli_distribution.hpp",
      "SPDXID": "SPDXRef-binary-file-8",
      "checksums": [
        {
          "algorithm": "SHA256",
          "checksumValue": "c1f82358956703e25d5235b71e8325097c7c5e8a216c5ba2e49fc5b34aafc7c1"
        }
      ],
      "licenseConcluded": "NOASSERTION",
      "copyrightText": "NOASSERTION"
    },
    {
      "fileName": "./include/boost/random/beta_distribution.hpp",
      "SPDXID": "SPDXRef-binary-file-9",
      "checksums": [
        {
          "algorithm": "SHA256",
          "checksumValue": "b5f506841f6bc79044d110ff614a2b95701c7b30873cf54dc2dbca99e4a4ea1f"
        }
      ],
      "licenseConcluded": "NOASSERTION",
      "copyrightText": "NOASSERTION"
    },
    {
      "fileName": "./include/boost/random/binomial_distribution.hpp",
      "SPDXID": "SPDXRef-binary-file-10",
      "checksums": [
        {
          "algorithm": "SHA256",
          "checksumValue": "c84903af705b326ff4ac6f3c4f3e5ca384c45f3d3154651735042b52f82db523"
        }
      ],
      "licenseConcluded": "NOASSERTION",
      "copyrightText": "NOASSERTION"
    },
    {
      "fileName": "./include/boost/random/cauchy_distribution.hpp",
      "SPDXID": "SPDXRef-binary-file-11",
      "checksums": [
        {
          "algorithm": "SHA256",
          "checksumValue": "335aa579f2756cd4d41641801e42b90aabdde83f692bbaebe7c159f9cb64b4a2"
        }
      ],
      "licenseConcluded": "NOASSERTION",
      "copyrightText": "NOASSERTION"
    },
    {
      "fileName": "./include/boost/random/chi_squared_distribution.hpp",
      "SPDXID": "SPDXRef-binary-file-12",
      "checksums": [
        {
          "algorithm": "SHA256",
          "checksumValue": "887d9f9ea8a99911113837d0feb036ade963c5984f752d247b7c304a8b35144c"
        }
      ],
      "licenseConcluded": "NOASSERTION",
      "copyrightText": "NOASSERTION"
    },
    {
      "fileName": "./include/boost/random/detail/auto_link.hpp",
      "SPDXID": "SPDXRef-binary-file-13",
      "checksums": [
        {
          "algorithm": "SHA256",
          "checksumValue": "194a8acc83fe0e047c3b6aeb903581a60605acd514c8da153fb7037a50ee3e84"
        }
      ],
      "licenseConcluded": "NOASSERTION",
      "copyrightText": "NOASSERTION"
    },
    {
      "fileName": "./include/boost/random/detail/config.hpp",
      "SPDXID": "SPDXRef-binary-file-14",
      "checksums": [
        {
          "algorithm": "SHA256",
          "checksumValue": "f081a5b70abc083b9733b74f674949197d0a0acf294da835caa6986ccb81cede"
        }
      ],
      "licenseConcluded": "NOASSERTION",
      "copyrightText": "NOASSERTION"
    },
    {
      "fileName": "./include/boost/random/detail/const_mod.hpp",
      "SPDXID": "SPDXRef-binary-file-15",
      "checksums": [
        {
          "algorithm": "SHA256",
          "checksumValue": "18748f7a52295f744086cb322070952ebb98a0d8de1632579bec81f0f1d518b5"
        }
      ],
      "licenseConcluded": "NOASSERTION",
      "copyrightText": "NOASSERTION"
    },
    {
      "fileName": "./include/boost/random/detail/disable_warnings.hpp",
      "SPDXID": "SPDXRef-binary-file-16",
      "checksums": [
        {
          "algorithm": "SHA256",
          "checksumValue": "eb1c675271f8f94d10623527120368274389b07f71bb14dd0f5185669f177773"
        }
      ],
      "licenseConcluded": "NOASSERTION",
      "copyrightText": "NOASSERTION"
    },
    {
      "fileName": "./include/boost/random/detail/enable_warnings.hpp",
      "SPDXID": "SPDXRef-binary-file-17",
      "checksums": [
        {
          "algorithm": "SHA256",
          "checksumValue": "643ffcbab54ebcf7b88c270eeeacb8faa94618f0cef906a131e9304321b9026b"
        }
      ],
      "licenseConcluded": "NOASSERTION",
      "copyrightText": "NOASSERTION"
    },
    {
      "fileName": "./include/boost/random/detail/generator_bits.hpp",
      "SPDXID": "SPDXRef-binary-file-18",
      "checksums": [
        {
          "algorithm": "SHA256",
          "checksumValue": "dca8077bc70ffb395c9fcae1729dbc46c11dd836ea495b28da7a0db3d05e3db0"
        }
      ],
      "licenseConcluded": "NOASSERTION",
      "copyrightText": "NOASSERTION"
    },
    {
      "fileName": "./include/boost/random/detail/generator_seed_seq.hpp",
      "SPDXID": "SPDXRef-binary-file-19",
      "checksums": [
        {
          "algorithm": "SHA256",
          "checksumValue": "09bfee1293a374de16913be02962615d99659f07c98be6023d63ccc40df775d0"
        }
      ],
      "licenseConcluded": "NOASSERTION",
      "copyrightText": "NOASSERTION"
    },
    {
      "fileName": "./include/boost/random/detail/gray_coded_qrng.hpp",
      "SPDXID": "SPDXRef-binary-file-20",
      "checksums": [
        {
          "algorithm": "SHA256",
          "checksumValue": "ed2a2f8b582a7ec6a4a7993c849946da1669427c741d1fef66b9f8cbc32108b0"
        }
      ],
      "licenseConcluded": "NOASSERTION",
      "copyrightText": "NOASSERTION"
    },
    {
      "fileName": "./include/boost/random/detail/integer_log2.hpp",
      "SPDXID": "SPDXRef-binary-file-21",
      "checksums": [
        {
          "algorithm": "SHA256",
          "checksumValue": "4443a520f35516ea83ea6ff4d2994b8d8561659a23bb7ecf27d1ab71efa372c7"
        }
      ],
      "licenseConcluded": "NOASSERTION",
      "copyrightText": "NOASSERTION"
    },
    {
      "fileName": "./include/boost/random/detail/int_float_pair.hpp",
      "SPDXID": "SPDXRef-binary-file-22",
      "checksums": [
        {
          "algorithm": "SHA256",
          "checksumValue": "cf772f593a3ff716307ec79426ad0387607cac0b0747207c073c408def3fdc51"
        }
      ],
      "licenseConcluded": "NOASSERTION",
      "copyrightText": "NOASSERTION"
    },
    {
      "fileName": "./include/boost/random/detail/iterator_mixin.hpp",
      "SPDXID": "SPDXRef-binary-file-23",
      "checksums": [
        {
          "algorithm": "SHA256",
          "checksumValue": "e684a5c65d3be3bd5a2ddcd8c88114b4250d2cb8918baa332df66fcc9dff1964"
        }
      ],
      "licenseConcluded": "NOASSERTION",
      "copyrightText": "NOASSERTION"
    },
    {
      "fileName": "./include/boost/random/detail/large_arithmetic.hpp",
      "SPDXID": "SPDXRef-binary-file-24",
      "checksums": [
        {
          "algorithm": "SHA256",
          "checksumValue": "cf03aca2026e6ed94eb02ead3495c7eb464f45ee66bab94d32916dceef25bcc0"
        }
      ],
      "licenseConcluded": "NOASSERTION",
      "copyrightText": "NOASSERTION"
    },
    {
      "fileName": "./include/boost/random/detail/mixmax_skip_N17.ipp",
      "SPDXID": "SPDXRef-binary-file-25",
      "checksums": [
        {
          "algorithm": "SHA256",
          "checksumValue": "9f9fc35dc46295f9e5fc407e3da02781cc8bf9bf93707e31fb99c648e30e64f7"
        }
      ],
      "licenseConcluded": "NOASSERTION",
      "copyrightText": "NOASSERTION"
    },
    {
      "fileName": "./include/boost/random/detail/niederreiter_base2_table.hpp",
      "SPDXID": "SPDXRef-binary-file-26",
      "checksums": [
        {
          "algorithm": "SHA256",
          "checksumValue": "600f851bf38a40627bc94c4f32147e711e306db05e37bba7ffc1ce855980cc5b"
        }
      ],
      "licenseConcluded": "NOASSERTION",
      "copyrightText": "NOASSERTION"
    },
    {
      "fileName": "./include/boost/random/detail/operators.hpp",
      "SPDXID": "SPDXRef-binary-file-27",
      "checksums": [
        {
          "algorithm": "SHA256",
          "checksumValue": "965c3ca8a1ac1328b2bf56ba3ee13b1e412fcc5eb0291f196e96db8498d6d20b"
        }
      ],
      "licenseConcluded": "NOASSERTION",
      "copyrightText": "NOASSERTION"
    },
    {
      "fileName": "./include/boost/random/detail/polynomial.hpp",
      "SPDXID": "SPDXRef-binary-file-28",
      "checksums": [
        {
          "algorithm": "SHA256",
          "checksumValue": "319b2806e9d6a0c6e8fa0d15c1337ee916f426669c2b1257ebbb430272ca4d1a"
        }
      ],
      "licenseConcluded": "NOASSERTION",
      "copyrightText": "NOASSERTION"
    },
    {
      "fileName": "./include/boost/random/detail/ptr_helper.hpp",
      "SPDXID": "SPDXRef-binary-file-29",
      "checksums": [
        {
          "algorithm": "SHA256",
          "checksumValue": "682993399bb3b837b3ba0b1384ddc70fd199236a30f50b379dd23fe92f49d2e3"
        }
      ],
      "licenseConcluded": "NOASSERTION",
      "copyrightText": "NOASSERTION"
    },
    {
      "fileName": "./include/boost/random/detail/qrng_base.hpp",
      "SPDXID": "SPDXRef-binary-file-30",
      "checksums": [
        {
          "algorithm": "SHA256",
          "checksumValue": "89215ae0ebfa401fb570ccd7d8449a71dd27cb259e8516b86886e06aa63be645"
        }
      ],
      "licenseConcluded": "NOASSERTION",
      "copyrightText": "NOASSERTION"
    },
    {
      "fileName": "./include/boost/random/detail/seed.hpp",
      "SPDXID": "SPDXRef-binary-file-31",
      "checksums": [
        {
          "algorithm": "SHA256",
          "checksumValue": "981c08fcf775273ac422a5350e76817bee49778138283ca3d2cf5b6db5ff5cd3"
        }
      ],
      "licenseConcluded": "NOASSERTION",
      "copyrightText": "NOASSERTION"
    },
    {
      "fileName": "./include/boost/random/detail/seed_impl.hpp",
      "SPDXID": "SPDXRef-binary-file-32",
      "checksums": [
        {
          "algorithm": "SHA256",
          "checksumValue": "759685acdb250f34bbc2dd0149280bf178a65ded01144263e0aa42572f2b9bd7"
        }
      ],
      "licenseConcluded": "NOASSERTION",
      "copyrightText": "NOASSERTION"
    },
    {
      "fileName": "./include/boost/random/detail/signed_unsigned_tools.hpp",
      "SPDXID": "SPDXRef-binary-file-33",
      "checksums": [
        {
          "algorithm": "SHA256",
          "checksumValue": "061a46e2bd905b8b537156c2acf714c546e33e6928ffdbe0eb35ab39adf7892d"
        }
      ],
      "licenseConcluded": "NOASSERTION",
      "copyrightText": "NOASSERTION"
    },
    {
      "fileName": "./include/boost/random/detail/size.hpp",
      "SPDXID": "SPDXRef-binary-file-34",
      "checksums": [
        {
          "algorithm": "SHA256",
          "checksumValue": "2a19b715fb6ad2770d48b18dbf2a1e8ea5ce6bdafbe2c55f022df048f86a38a6"
        }
      ],
      "licenseConcluded": "NOASSERTION",
      "copyrightText": "NOASSERTION"
    },
    {
      "fileName": "./include/boost/random/detail/sobol_table.hpp",
      "SPDXID": "SPDXRef-binary-file-35",
      "checksums": [
        {
          "algorithm": "SHA256",
          "checksumValue": "c66c38c8077d33000b417183149b8d6a29e6826d69a9830ceb7df15d6a0428aa"
        }
      ],
      "licenseConcluded": "NOASSERTION",
      "copyrightText": "NOASSERTION"
    },
    {
      "fileName": "./include/boost/random/detail/uniform_int_float.hpp",
      "SPDXID": "SPDXRef-binary-file-36",
      "checksums": [
        {
          "algorithm": "SHA256",
          "checksumValue": "45863658353e6fc0ecbd4a568b2d474bf947f0d4ec58a555947049087d9f3d0a"
        }
      ],
      "licenseConcluded": "NOASSERTION",
      "copyrightText": "NOASSERTION"
    },
    {
      "fileName": "./include/boost/random/detail/vector_io.hpp",
      "SPDXID": "SPDXRef-binary-file-37",
      "checksums": [
        {
          "algorithm": "SHA256",
          "checksumValue": "4e4d2181b69a7126a98e01b22e5b2ae5485378bb492906edca0635e8f9bcc9eb"
        }
      ],
      "licenseConcluded": "NOASSERTION",
      "copyrightText": "NOASSERTION"
    },
    {
      "fileName": "./include/boost/random/detail/xoshiro_base.hpp",
      "SPDXID": "SPDXRef-binary-file-38",
      "checksums": [
        {
          "algorithm": "SHA256",
          "checksumValue": "59d39f297a8b36bdc5894efe6836f681c2d2001c16f9331de01608a6e74557c4"
        }
      ],
      "licenseConcluded": "NOASSERTION",
      "copyrightText": "NOASSERTION"
    },
    {
      "fileName": "./include/boost/random/discard_block.hpp",
      "SPDXID": "SPDXRef-binary-file-39",
      "checksums": [
        {
          "algorithm": "SHA256",
          "checksumValue": "02ecebeeb387393cfa01ce1639c161ff7fc390803ab1b7fa354c289db1ef22b7"
        }
      ],
      "licenseConcluded": "NOASSERTION",
      "copyrightText": "NOASSERTION"
    },
    {
      "fileName": "./include/boost/random/discrete_distribution.hpp",
      "SPDXID": "SPDXRef-binary-file-40",
      "checksums": [
        {
          "algorithm": "SHA256",
          "checksumValue": "ef8b18b79a8845023316e2bb3cd90bc6ae91bf48e0295cd67d58397d6ec14880"
        }
      ],
      "licenseConcluded": "NOASSERTION",
      "copyrightText": "NOASSERTION"
    },
    {
      "fileName": "./include/boost/random/exponential_distribution.hpp",
      "SPDXID": "SPDXRef-binary-file-41",
      "checksums": [
        {
          "algorithm": "SHA256",
          "checksumValue": "3d919ce863518e594f83fbdcdbf957525472a180fbdc294694828d6df8ecd962"
        }
      ],
      "licenseConcluded": "NOASSERTION",
      "copyrightText": "NOASSERTION"
    },
    {
      "fileName": "./include/boost/random/extreme_value_distribution.hpp",
      "SPDXID": "SPDXRef-binary-file-42",
      "checksums": [
        {
          "algorithm": "SHA256",
          "checksumValue": "158f7ae95d891a713d0832108bf624440e33c8e6ff3113e51893ffaf365cd6e8"
        }
      ],
      "licenseConcluded": "NOASSERTION",
      "copyrightText": "NOASSERTION"
    },
    {
      "fileName": "./include/boost/random/faure.hpp",
      "SPDXID": "SPDXRef-binary-file-43",
      "checksums": [
        {
          "algorithm": "SHA256",
          "checksumValue": "cafb8278c4d84d184cea35b1ef8c82719ade3adb3608f23511b1f99124786299"
        }
      ],
      "licenseConcluded": "NOASSERTION",
      "copyrightText": "NOASSERTION"
    },
    {
      "fileName": "./include/boost/random/fisher_f_distribution.hpp",
      "SPDXID": "SPDXRef-binary-file-44",
      "checksums": [
        {
          "algorithm": "SHA256",
          "checksumValue": "32aa15cd010bb021684bf020c3729d53888fe814ddd8e16b4b9470e385884a07"
        }
      ],
      "licenseConcluded": "NOASSERTION",
      "copyrightText": "NOASSERTION"
    },
    {
      "fileName": "./include/boost/random/gamma_distribution.hpp",
      "SPDXID": "SPDXRef-binary-file-45",
      "checksums": [
        {
          "algorithm": "SHA256",
          "checksumValue": "7448874d2de43627c081349e7362c77aa4bb2be5679bbce153cbca4c0a1d4761"
        }
      ],
      "licenseConcluded": "NOASSERTION",
      "copyrightText": "NOASSERTION"
    },
    {
      "fileName": "./include/boost/random/generalized_inverse_gaussian_distribution.hpp",
      "SPDXID": "SPDXRef-binary-file-46",
      "checksums": [
        {
          "algorithm": "SHA256",
          "checksumValue": "cce31588f04af37b08b880d16d5837d4b82980f443bdbd83feacd21730b7a955"
        }
      ],
      "licenseConcluded": "NOASSERTION",
      "copyrightText": "NOASSERTION"
    },
    {
      "fileName": "./include/boost/random/generate_canonical.hpp",
      "SPDXID": "SPDXRef-binary-file-47",
      "checksums": [
        {
          "algorithm": "SHA256",
          "checksumValue": "1dc3981b2a72f37ad8cb758201a9e49205216726d688814b17f51de28fde2f26"
        }
      ],
      "licenseConcluded": "NOASSERTION",
      "copyrightText": "NOASSERTION"
    },
    {
      "fileName": "./include/boost/random/geometric_distribution.hpp",
      "SPDXID": "SPDXRef-binary-file-48",
      "checksums": [
        {
          "algorithm": "SHA256",
          "checksumValue": "2ae9cc69f35b257311a05976c8fbd8f67766f15c04c080d4db50a13454464de6"
        }
      ],
      "licenseConcluded": "NOASSERTION",
      "copyrightText": "NOASSERTION"
    },
    {
      "fileName": "./include/boost/random/hyperexponential_distribution.hpp",
      "SPDXID": "SPDXRef-binary-file-49",
      "checksums": [
        {
          "algorithm": "SHA256",
          "checksumValue": "759aaab9d237f34163fec5895739ff9ad393ce477febfd39bc81f50b0913bd03"
        }
      ],
      "licenseConcluded": "NOASSERTION",
      "copyrightText": "NOASSERTION"
    },
    {
      "fileName": "./include/boost/random/independent_bits.hpp",
      "SPDXID": "SPDXRef-binary-file-50",
      "checksums": [
        {
          "algorithm": "SHA256",
          "checksumValue": "2d1fdc3824a5430df47a8dcc13d40b89b2e7638133cd684f3d21650c7b26dd39"
        }
      ],
      "licenseConcluded": "NOASSERTION",
      "copyrightText": "NOASSERTION"
    },
    {
      "fileName": "./include/boost/random/inverse_gaussian_distribution.hpp",
      "SPDXID": "SPDXRef-binary-file-51",
      "checksums": [
        {
          "algorithm": "SHA256",
          "checksumValue": "b0794aaf6bfa37bce56edabb88fbdb053762b58ae7f2d1c85ef617c4ca8d4a94"
        }
      ],
      "licenseConcluded": "NOASSERTION",
      "copyrightText": "NOASSERTION"
    },
    {
      "fileName": "./include/boost/random/inversive_congruential.hpp",
      "SPDXID": "SPDXRef-binary-file-52",
      "checksums": [
        {
          "algorithm": "SHA256",
          "checksumValue": "b1a96279fda07c5cf8ab25f4ac977b21a093e168f203317352a3218a5235b61e"
        }
      ],
      "licenseConcluded": "NOASSERTION",
      "copyrightText": "NOASSERTION"
    },
    {
      "fileName": "./include/boost/random/lagged_fibonacci.hpp",
      "SPDXID": "SPDXRef-binary-file-53",
      "checksums": [
        {
          "algorithm": "SHA256",
          "checksumValue": "4605244e20057619f937f0435edd6afe5b9dec13aa7316f8616c1398add08639"
        }
      ],
      "licenseConcluded": "NOASSERTION",
      "copyrightText": "NOASSERTION"
    },
    {
      "fileName": "./include/boost/random/laplace_distribution.hpp",
      "SPDXID": "SPDXRef-binary-file-54",
      "checksums": [
        {
          "algorithm": "SHA256",
          "checksumValue": "e71d64d4e8695e005737b537d43523cc16e49dc0a8ed845ee768a8e4779d066e"
        }
      ],
      "licenseConcluded": "NOASSERTION",
      "copyrightText": "NOASSERTION"
    },
    {
      "fileName": "./include/boost/random/linear_congruential.hpp",
      "SPDXID": "SPDXRef-binary-file-55",
      "checksums": [
        {
          "algorithm": "SHA256",
          "checksumValue": "87b4b2a79f3b5de4afb65a71765cd380217b5f30b17cec8793c449b1550b1ac5"
        }
      ],
      "licenseConcluded": "NOASSERTION",
      "copyrightText": "NOASSERTION"
    },
    {
      "fileName": "./include/boost/random/linear_feedback_shift.hpp",
      "SPDXID": "SPDXRef-binary-file-56",
      "checksums": [
        {
          "algorithm": "SHA256",
          "checksumValue": "a328882229a98a73045fab9e7607c7c0ef9a4ac7675c610c55bc9b67a907123b"
        }
      ],
      "licenseConcluded": "NOASSERTION",
      "copyrightText": "NOASSERTION"
    },
    {
      "fileName": "./include/boost/random/lognormal_distribution.hpp",
      "SPDXID": "SPDXRef-binary-file-57",
      "checksums": [
        {
          "algorithm": "SHA256",
          "checksumValue": "5a8509227fafa1a776061fbe345ccd49ddb8dd2753ba90921cdd9a35d7cb3769"
        }
      ],
      "licenseConcluded": "NOASSERTION",
      "copyrightText": "NOASSERTION"
    },
    {
      "fileName": "./include/boost/random/mersenne_twister.hpp",
      "SPDXID": "SPDXRef-binary-file-58",
      "checksums": [
        {
          "algorithm": "SHA256",
          "checksumValue": "8131c25c08bafa6bb969b28b6adf207205b0ee3211e3d185326c0deb32c54992"
        }
      ],
      "licenseConcluded": "NOASSERTION",
      "copyrightText": "NOASSERTION"
    },
    {
      "fileName": "./include/boost/random/mixmax.hpp",
      "SPDXID": "SPDXRef-binary-file-59",
      "checksums": [
        {
          "algorithm": "SHA256",
          "checksumValue": "c5703811dcfd0bb16d1cb0f9fa50721ad0960b429f1b976fa44386a0239c28a3"
        }
      ],
      "licenseConcluded": "NOASSERTION",
      "copyrightText": "NOASSERTION"
    },
    {
      "fileName": "./include/boost/random/negative_binomial_distribution.hpp",
      "SPDXID": "SPDXRef-binary-file-60",
      "checksums": [
        {
          "algorithm": "SHA256",
          "checksumValue": "f9b6fa43909a69b2980a382732ff2336ca6e3080cf21760ab0edb294f9cb503d"
        }
      ],
      "licenseConcluded": "NOASSERTION",
      "copyrightText": "NOASSERTION"
    },
    {
      "fileName": "./include/boost/random/niederreiter_base2.hpp",
      "SPDXID": "SPDXRef-binary-file-61",
      "checksums": [
        {
          "algorithm": "SHA256",
          "checksumValue": "7f42f030867843910b003f750b7aa0eb7cdd960cc066a279b7d6a135be8645fe"
        }
      ],
      "licenseConcluded": "NOASSERTION",
      "copyrightText": "NOASSERTION"
    },
    {
      "fileName": "./include/boost/random/non_central_chi_squared_distribution.hpp",
      "SPDXID": "SPDXRef-binary-file-62",
      "checksums": [
        {
          "algorithm": "SHA256",
          "checksumValue": "e9347d12958e6f02e8c29fecdc0af549c1b0f9cf6bd8315824564241859e8f39"
        }
      ],
      "licenseConcluded": "NOASSERTION",
      "copyrightText": "NOASSERTION"
    },
    {
      "fileName": "./include/boost/random/normal_distribution.hpp",
      "SPDXID": "SPDXRef-binary-file-63",
      "checksums": [
        {
          "algorithm": "SHA256",
          "checksumValue": "b9c05717a34bed846d35f93626b256f5c9e50df6f5a45bc162a540ca506ad373"
        }
      ],
      "licenseConcluded": "NOASSERTION",
      "copyrightText": "NOASSERTION"
    },
    {
      "fileName": "./include/boost/random/piecewise_constant_distribution.hpp",
      "SPDXID": "SPDXRef-binary-file-64",
      "checksums": [
        {
          "algorithm": "SHA256",
          "checksumValue": "8fa6ecea547ea6ee3104be93445218f3d1053b4d0adb8e04df2f4616bb583606"
        }
      ],
      "licenseConcluded": "NOASSERTION",
      "copyrightText": "NOASSERTION"
    },
    {
      "fileName": "./include/boost/random/piecewise_linear_distribution.hpp",
      "SPDXID": "SPDXRef-binary-file-65",
      "checksums": [
        {
          "algorithm": "SHA256",
          "checksumValue": "0443e73d51758cb26a9ef9c10b554215c4cb9db225f20df35f68213e803f4bd5"
        }
      ],
      "licenseConcluded": "NOASSERTION",
      "copyrightText": "NOASSERTION"
    },
    {
      "fileName": "./include/boost/random/poisson_distribution.hpp",
      "SPDXID": "SPDXRef-binary-file-66",
      "checksums": [
        {
          "algorithm": "SHA256",
          "checksumValue": "6f3ce2e469cb6e9f640ed17c0f16bb97ad7ef465004a6b759605b54c12478809"
        }
      ],
      "licenseConcluded": "NOASSERTION",
      "copyrightText": "NOASSERTION"
    },
    {
      "fileName": "./include/boost/random/random_device.hpp",
      "SPDXID": "SPDXRef-binary-file-67",
      "checksums": [
        {
          "algorithm": "SHA256",
          "checksumValue": "114a2a94ae8ad4f401f02083513ed8059ab4cfb91b011c75e98baab5f83d88f6"
        }
      ],
      "licenseConcluded": "NOASSERTION",
      "copyrightText": "NOASSERTION"
    },
    {
      "fileName": "./include/boost/random/random_number_generator.hpp",
      "SPDXID": "SPDXRef-binary-file-68",
      "checksums": [
        {
          "algorithm": "SHA256",
          "checksumValue": "38e36083b5315bcd0af7563ac6f7e634f950bbaddd0890549671d990a9a282a9"
        }
      ],
      "licenseConcluded": "NOASSERTION",
      "copyrightText": "NOASSERTION"
    },
    {
      "fileName": "./include/boost/random/ranlux.hpp",
      "SPDXID": "SPDXRef-binary-file-69",
      "checksums": [
        {
          "algorithm": "SHA256",
          "checksumValue": "0fdb20f4d7cd170d5da5aaff9c02481a6cc934bac92587e32f43c6ced0651e67"
        }
      ],
      "licenseConcluded": "NOASSERTION",
      "copyrightText": "NOASSERTION"
    },
    {
      "fileName": "./include/boost/random/seed_seq.hpp",
      "SPDXID": "SPDXRef-binary-file-70",
      "checksums": [
        {
          "algorithm": "SHA256",
          "checksumValue": "ed00129101cb3522dcd51b51aa870515c200c28a7ea53e71e47dff185cc0dc91"
        }
      ],
      "licenseConcluded": "NOASSERTION",
      "copyrightText": "NOASSERTION"
    },
    {
      "fileName": "./include/boost/random/shuffle_order.hpp",
      "SPDXID": "SPDXRef-binary-file-71",
      "checksums": [
        {
          "algorithm": "SHA256",
          "checksumValue": "719b939eb692bcbc5f9e7993ea729c75b3f0e68e4c706095c2a0dd7d1317b748"
        }
      ],
      "licenseConcluded": "NOASSERTION",
      "copyrightText": "NOASSERTION"
    },
    {
      "fileName": "./include/boost/random/shuffle_output.hpp",
      "SPDXID": "SPDXRef-binary-file-72",
      "checksums": [
        {
          "algorithm": "SHA256",
          "checksumValue": "55d4eed1945f3edfe71fbadbeba3db8a9d488a66c6e64c521139be8b583fe9a8"
        }
      ],
      "licenseConcluded": "NOASSERTION",
      "copyrightText": "NOASSERTION"
    },
    {
      "fileName": "./include/boost/random/sobol.hpp",
      "SPDXID": "SPDXRef-binary-file-73",
      "checksums": [
        {
          "algorithm": "SHA256",
          "checksumValue": "e0d6e35a17d855ca1ba360af493d57041d32974d4e7e43528ce00075dc3b81db"
        }
      ],
      "licenseConcluded": "NOASSERTION",
      "copyrightText": "NOASSERTION"
    },
    {
      "fileName": "./include/boost/random/splitmix64.hpp",
      "SPDXID": "SPDXRef-binary-file-74",
      "checksums": [
        {
          "algorithm": "SHA256",
          "checksumValue": "3ee38f46e1f3fc7482f8901482f3cb05318be746fa4771dbb354e64711b0dcde"
        }
      ],
      "licenseConcluded": "NOASSERTION",
      "copyrightText": "NOASSERTION"
    },
    {
      "fileName": "./include/boost/random/student_t_distribution.hpp",
      "SPDXID": "SPDXRef-binary-file-75",
      "checksums": [
        {
          "algorithm": "SHA256",
          "checksumValue": "03fdc2b2fd4c4447e2b73904191872dcd7ca70bb8b7eaa8f3a28808475957628"
        }
      ],
      "licenseConcluded": "NOASSERTION",
      "copyrightText": "NOASSERTION"
    },
    {
      "fileName": "./include/boost/random/subtract_with_carry.hpp",
      "SPDXID": "SPDXRef-binary-file-76",
      "checksums": [
        {
          "algorithm": "SHA256",
          "checksumValue": "ebeee4d1858aa8fd10391d1a83207b730ac3c5928e28ccdfffc0ba5ff133f418"
        }
      ],
      "licenseConcluded": "NOASSERTION",
      "copyrightText": "NOASSERTION"
    },
    {
      "fileName": "./include/boost/random/taus88.hpp",
      "SPDXID": "SPDXRef-binary-file-77",
      "checksums": [
        {
          "algorithm": "SHA256",
          "checksumValue": "3f008ce007f27387c4e7b378e175e66cb1cc0687ecda56765cbc11e06cc3dcc2"
        }
      ],
      "licenseConcluded": "NOASSERTION",
      "copyrightText": "NOASSERTION"
    },
    {
      "fileName": "./include/boost/random/traits.hpp",
      "SPDXID": "SPDXRef-binary-file-78",
      "checksums": [
        {
          "algorithm": "SHA256",
          "checksumValue": "682bbcb6c3ffbfad89dcaf0dbc3f080faf409cd6c6eff5ff8109e6b9fd5a3802"
        }
      ],
      "licenseConcluded": "NOASSERTION",
      "copyrightText": "NOASSERTION"
    },
    {
      "fileName": "./include/boost/random/triangle_distribution.hpp",
      "SPDXID": "SPDXRef-binary-file-79",
      "checksums": [
        {
          "algorithm": "SHA256",
          "checksumValue": "7b81791619d81b0f6e61a9b08deafda31c9e2576dc710ff4dd27456272f3861f"
        }
      ],
      "licenseConcluded": "NOASSERTION",
      "copyrightText": "NOASSERTION"
    },
    {
      "fileName": "./include/boost/random/uniform_01.hpp",
      "SPDXID": "SPDXRef-binary-file-80",
      "checksums": [
        {
          "algorithm": "SHA256",
          "checksumValue": "11cdd230086b104b23fe922a6d74f9d100c6ce935c7339fa29e5a870e0cc2746"
        }
      ],
      "licenseConcluded": "NOASSERTION",
      "copyrightText": "NOASSERTION"
    },
    {
      "fileName": "./include/boost/random/uniform_int.hpp",
      "SPDXID": "SPDXRef-binary-file-81",
      "checksums": [
        {
          "algorithm": "SHA256",
          "checksumValue": "a0516280fb7fc68a073e3d62a0a54dde55015ae3a682f5f7c31b911575710bcb"
        }
      ],
      "licenseConcluded": "NOASSERTION",
      "copyrightText": "NOASSERTION"
    },
    {
      "fileName": "./include/boost/random/uniform_int_distribution.hpp",
      "SPDXID": "SPDXRef-binary-file-82",
      "checksums": [
        {
          "algorithm": "SHA256",
          "checksumValue": "26eee0996477c9d770e57d79e302c5784aed0cf431387fbdb1596bd1d493843b"
        }
      ],
      "licenseConcluded": "NOASSERTION",
      "copyrightText": "NOASSERTION"
    },
    {
      "fileName": "./include/boost/random/uniform_on_sphere.hpp",
      "SPDXID": "SPDXRef-binary-file-83",
      "checksums": [
        {
          "algorithm": "SHA256",
          "checksumValue": "addc2534c1ea82c107bf258d16f9ba53726d3284c7d0ebae2d5c92c34c4bc957"
        }
      ],
      "licenseConcluded": "NOASSERTION",
      "copyrightText": "NOASSERTION"
    },
    {
      "fileName": "./include/boost/random/uniform_real.hpp",
      "SPDXID": "SPDXRef-binary-file-84",
      "checksums": [
        {
          "algorithm": "SHA256",
          "checksumValue": "cee0536c9ebc376c2ec72cc36be040deae2efb29a1b4e2eafb516a1f31a96114"
        }
      ],
      "licenseConcluded": "NOASSERTION",
      "copyrightText": "NOASSERTION"
    },
    {
      "fileName": "./include/boost/random/uniform_real_distribution.hpp",
      "SPDXID": "SPDXRef-binary-file-85",
      "checksums": [
        {
          "algorithm": "SHA256",
          "checksumValue": "bec47cf8f63bfe39b03c6a26c14981bc149f49d3d5f832fd8a847a9fc5aab8a0"
        }
      ],
      "licenseConcluded": "NOASSERTION",
      "copyrightText": "NOASSERTION"
    },
    {
      "fileName": "./include/boost/random/uniform_smallint.hpp",
      "SPDXID": "SPDXRef-binary-file-86",
      "checksums": [
        {
          "algorithm": "SHA256",
          "checksumValue": "15dec2131d9764487da5ed921521a4a3b4149bf0e0a170a69a279d791e1b6b3e"
        }
      ],
      "licenseConcluded": "NOASSERTION",
      "copyrightText": "NOASSERTION"
    },
    {
      "fileName": "./include/boost/random/variate_generator.hpp",
      "SPDXID": "SPDXRef-binary-file-87",
      "checksums": [
        {
          "algorithm": "SHA256",
          "checksumValue": "7f6c43d5b0a36e1234a2ddeb6df8dc12a394356bce3e79275c2ac52633892379"
        }
      ],
      "licenseConcluded": "NOASSERTION",
      "copyrightText": "NOASSERTION"
    },
    {
      "fileName": "./include/boost/random/weibull_distribution.hpp",
      "SPDXID": "SPDXRef-binary-file-88",
      "checksums": [
        {
          "algorithm": "SHA256",
          "checksumValue": "bc59bf8613a442a2237940bd6397894785a107dc70e61cd457d410604c2ede4b"
        }
      ],
      "licenseConcluded": "NOASSERTION",
      "copyrightText": "NOASSERTION"
    },
    {
      "fileName": "./include/boost/random/xor_combine.hpp",
      "SPDXID": "SPDXRef-binary-file-89",
      "checksums": [
        {
          "algorithm": "SHA256",
          "checksumValue": "8c4ff9655c421ad994d172e7492676904fb3b481c775494579845fd8d94a81a1"
        }
      ],
      "licenseConcluded": "NOASSERTION",
      "copyrightText": "NOASSERTION"
    },
    {
      "fileName": "./include/boost/random/xoshiro.hpp",
      "SPDXID": "SPDXRef-binary-file-90",
      "checksums": [
        {
          "algorithm": "SHA256",
          "checksumValue": "52e8a3caf1949682853ee01d5da4b10ae0f21d4102facf3fe2d13d035be626bc"
        }
      ],
      "licenseConcluded": "NOASSERTION",
      "copyrightText": "NOASSERTION"
    },
    {
      "fileName": "./include/boost/random.hpp",
      "SPDXID": "SPDXRef-binary-file-91",
      "checksums": [
        {
          "algorithm": "SHA256",
          "checksumValue": "2bdae6470086814f72dfbf7787cc794e91bed488dc622858e92bc5b6abcac636"
        }
      ],
      "licenseConcluded": "NOASSERTION",
      "copyrightText": "NOASSERTION"
    },
    {
      "fileName": "./lib/boost_random-vc143-mt-x64-1_88.lib",
      "SPDXID": "SPDXRef-binary-file-92",
      "checksums": [
        {
          "algorithm": "SHA256",
          "checksumValue": "a842cd3688dad03d378683ecc0284bee4314126b73cbb2991abcd651d3c0954e"
        }
      ],
      "licenseConcluded": "NOASSERTION",
      "copyrightText": "NOASSERTION"
    },
    {
      "fileName": "./share/boost-random/copyright",
      "SPDXID": "SPDXRef-binary-file-93",
      "checksums": [
        {
          "algorithm": "SHA256",
          "checksumValue": "c9bff75738922193e67fa726fa225535870d2aa1059f91452c411736284ad566"
        }
      ],
      "licenseConcluded": "NOASSERTION",
      "copyrightText": "NOASSERTION"
    },
    {
      "fileName": "./share/boost_random/boost_random-config-version.cmake",
      "SPDXID": "SPDXRef-binary-file-94",
      "checksums": [
        {
          "algorithm": "SHA256",
          "checksumValue": "461512588fe61141a43c6d129f9cf3a04927e5a01c7980a86935f41392e9db82"
        }
      ],
      "licenseConcluded": "NOASSERTION",
      "copyrightText": "NOASSERTION"
    },
    {
      "fileName": "./share/boost_random/boost_random-config.cmake",
      "SPDXID": "SPDXRef-binary-file-95",
      "checksums": [
        {
          "algorithm": "SHA256",
          "checksumValue": "8eb7a322bf9543b8fd42a88a1877222e27a817a7eaa45639295189a76bca3c57"
        }
      ],
      "licenseConcluded": "NOASSERTION",
      "copyrightText": "NOASSERTION"
    },
    {
      "fileName": "./share/boost_random/boost_random-targets-debug.cmake",
      "SPDXID": "SPDXRef-binary-file-96",
      "checksums": [
        {
          "algorithm": "SHA256",
          "checksumValue": "ed86b7d71892de23ccbc9b8ddda4a5e8c32e95a663a720a45a8c6248bf357f0e"
        }
      ],
      "licenseConcluded": "NOASSERTION",
      "copyrightText": "NOASSERTION"
    },
    {
      "fileName": "./share/boost_random/boost_random-targets-release.cmake",
      "SPDXID": "SPDXRef-binary-file-97",
      "checksums": [
        {
          "algorithm": "SHA256",
          "checksumValue": "ec2516946a726c113c4d9a60d9dbfb438148e105c89f7e52c8bd59f5a0c1abd5"
        }
      ],
      "licenseConcluded": "NOASSERTION",
      "copyrightText": "NOASSERTION"
    },
    {
      "fileName": "./share/boost_random/boost_random-targets.cmake",
      "SPDXID": "SPDXRef-binary-file-98",
      "checksums": [
        {
          "algorithm": "SHA256",
          "checksumValue": "68a7835ec0f6313357f319f231bae4ff46e9566638b486149a6c6dad161f71c5"
        }
      ],
      "licenseConcluded": "NOASSERTION",
      "copyrightText": "NOASSERTION"
    }
  ]
}
